bat_speed,impact_height,ball_length,ball_line,timing,front_foot,shot_type
83.69,30.06,2.992,26.42,0.7849,1,straight_drive
95.41,82.62,6.652,0.09,0.7644,1,pull
109.03,32.38,6.962,9.87,1.0,0,pull
87.74,30.37,3.544,9.57,1.0,1,straight_drive
85.24,53.2,3.996,61.41,0.7319,1,cover_drive
85.5,37.54,3.76,71.54,0.7577,1,cover_drive
111.11,51.81,3.323,41.7,0.8566,1,cover_drive
94.65,30.17,3.279,-41.48,0.4759,0,flick
87.2,66.47,4.344,-80.75,0.5141,1,flick
72.99,14.61,2.125,38.56,0.726,1,straight_drive
94.64,36.14,3.164,-33.35,0.6588,1,flick
86.47,29.52,2.424,31.61,0.9158,1,cover_drive
101.82,35.4,2.137,8.63,0.8198,1,straight_drive
77.13,39.5,3.123,63.84,0.8721,1,cover_drive
103.47,83.79,6.534,-1.87,0.704,0,pull
91.22,68.54,6.724,39.15,0.7138,0,cut
99.62,61.87,2.485,18.07,0.6358,1,straight_drive
105.82,83.79,6.528,72.33,0.713,0,cut
103.03,59.74,3.302,-45.71,0.8477,1,flick
102.55,57.71,2.483,-2.15,0.7749,1,straight_drive
114.05,38.63,2.316,14.75,0.8811,1,straight_drive
114.22,104.43,6.939,-29.37,0.5986,0,pull
98.85,27.89,3.407,14.31,0.7259,1,straight_drive
115.53,60.15,3.613,47.04,0.8393,1,cover_drive
58.88,55.84,4.562,5.21,0.6562,0,defensive
103.95,57.31,2.892,24.04,0.7334,1,cover_drive
99.48,53.16,5.248,53.18,0.7022,0,cut
84.86,56.62,2.867,52.85,0.7664,1,cover_drive
80.66,29.44,2.842,-40.43,0.4082,0,defensive
87.21,25.87,3.312,59.44,0.7423,1,cover_drive
97.63,42.78,3.7,-70.08,0.7251,1,flick
99.59,28.08,4.061,30.79,0.7796,1,cover_drive
101.38,51.6,4.273,12.66,0.4435,0,defensive
90.06,19.6,4.235,6.99,0.1821,1,defensive
85.71,44.26,4.948,-61.21,0.6192,1,flick
93.71,79.03,7.575,-22.56,0.7227,1,pull
76.87,56.72,4.987,46.81,0.917,0,cut
56.03,40.92,6.347,23.89,0.5728,0,defensive
74.23,32.79,3.94,17.37,0.5814,1,defensive
81.91,54.52,3.111,-57.1,0.7416,1,flick
87.14,65.83,6.486,50.03,0.7425,0,cut
90.35,80.44,6.052,74.91,0.4632,1,cut
99.31,36.01,4.387,65.84,0.5962,1,cover_drive
102.93,16.57,2.479,63.79,0.849,1,cover_drive
77.17,43.26,2.581,23.38,0.8436,1,straight_drive
107.75,99.04,6.907,115.34,0.5771,0,cut
84.09,47.88,6.262,76.65,0.8086,1,cut
81.92,46.51,4.434,-28.22,0.4663,1,defensive
96.44,106.78,6.359,9.67,0.5523,0,pull
97.14,49.07,7.78,14.99,0.778,0,pull
104.05,41.25,5.149,33.26,0.7747,1,defensive
78.01,36.12,3.424,73.53,0.3277,1,defensive
71.87,35.2,3.763,-40.01,0.4963,0,flick
94.37,69.43,5.948,-43.45,0.8891,0,pull
98.28,34.56,2.64,12.11,0.6913,1,straight_drive
78.41,76.15,6.278,-16.99,0.6145,0,pull
83.36,24.78,2.791,18.35,0.9074,1,straight_drive
93.43,30.03,3.31,68.82,0.7694,1,cover_drive
94.27,63.78,2.935,-47.05,0.8409,0,flick
103.7,52.48,4.22,-22.87,0.7665,0,pull
96.46,73.79,4.578,-61.79,0.7558,0,flick
56.8,60.39,3.209,7.12,0.3309,0,defensive
66.65,34.26,5.095,2.79,0.3511,0,defensive
88.54,80.09,5.182,72.18,0.8521,1,cut
93.45,40.1,2.414,68.65,0.7699,1,cover_drive
96.02,82.29,7.165,-23.81,0.8319,0,pull
108.54,62.27,5.825,53.12,0.7715,0,cut
93.93,53.19,3.07,-40.64,0.5366,0,flick
87.42,55.47,6.163,44.47,0.4674,0,cut
43.33,47.36,2.665,-29.36,0.442,1,defensive
59.04,48.24,3.613,-46.91,0.8604,0,flick
83.04,51.36,2.872,56.65,0.751,1,cover_drive
113.77,52.45,2.909,29.71,0.7296,1,cover_drive
97.96,24.27,2.833,66.47,0.6717,1,cover_drive
84.63,55.98,3.022,-18.91,0.8968,1,straight_drive
66.15,25.4,3.791,-71.31,0.7891,0,flick
102.02,32.16,3.157,34.5,0.6821,1,cover_drive
84.17,90.28,5.524,-6.45,0.76,0,pull
96.47,56.39,6.682,-8.3,0.651,0,pull
105.88,54.1,5.974,50.48,0.6142,1,cut
113.16,71.55,7.77,-14.76,0.6912,1,pull
114.06,69.3,7.425,-22.5,0.7954,0,pull
59.88,28.93,4.223,26.65,0.5459,1,defensive
99.23,31.71,3.524,17.34,0.8891,0,straight_drive
115.18,30.22,6.923,-10.0,0.8043,1,pull
78.22,37.88,3.27,-2.17,0.9123,1,straight_drive
101.37,37.86,3.714,62.9,0.7236,1,cover_drive
98.19,37.14,3.206,49.73,0.6259,1,cover_drive
55.47,50.23,4.164,31.36,0.5419,1,defensive
94.73,65.32,5.742,34.97,1.0,0,cut
97.5,53.31,5.7,82.91,0.8194,1,cut
106.06,42.37,3.324,75.56,0.8679,1,cover_drive
104.83,52.75,3.537,64.0,0.779,1,cover_drive
78.37,36.57,3.281,18.61,0.6218,1,straight_drive
91.64,22.1,3.824,48.32,0.657,1,cover_drive
96.99,62.99,3.016,-60.17,0.4445,1,defensive
90.16,65.98,5.847,-15.6,0.6092,0,pull
81.76,68.81,6.432,93.37,0.8822,1,cut
103.42,24.45,3.53,10.14,0.7166,1,cover_drive
91.91,27.53,3.357,74.36,0.7579,1,cover_drive
72.68,56.86,3.231,-15.64,0.9716,0,straight_drive
85.11,33.52,3.586,-32.88,0.4463,1,flick
89.37,40.91,3.52,-96.3,0.8054,0,flick
82.26,48.29,3.838,57.78,0.8444,0,defensive
90.41,23.42,3.362,41.37,0.6602,1,cover_drive
124.05,40.19,2.892,62.83,0.7871,1,cover_drive
93.77,40.44,3.165,14.65,0.6502,1,straight_drive
87.14,61.38,3.217,-0.36,0.6096,1,straight_drive
85.64,51.35,5.423,-17.98,0.7496,0,defensive
101.88,26.96,3.605,13.69,0.8497,1,straight_drive
99.17,55.83,3.325,9.32,0.971,1,straight_drive
83.29,24.99,2.582,14.54,0.5239,1,straight_drive
81.76,45.85,4.06,-21.53,0.4066,1,defensive
84.79,35.35,2.749,64.7,0.7025,1,cover_drive
91.49,36.88,4.026,-63.78,1.0,1,flick
93.34,97.02,6.675,40.06,0.5625,0,cut
109.54,55.44,3.66,-48.76,0.7065,1,flick
98.93,20.47,4.359,-2.88,0.8967,1,flick
86.23,24.05,2.965,38.37,0.7908,1,cover_drive
80.49,60.76,3.398,-69.24,0.4719,1,flick
93.82,42.6,3.102,43.08,0.6173,1,straight_drive
79.93,44.53,3.579,7.62,0.7965,1,straight_drive
74.75,49.34,5.181,88.1,0.5512,1,defensive
93.37,40.82,3.539,32.76,0.5897,1,cover_drive
103.31,49.17,3.799,-14.25,0.9867,1,flick
68.96,26.02,3.236,51.08,0.8326,1,defensive
88.84,45.04,4.156,-54.41,0.6432,0,flick
92.24,28.49,4.43,-4.73,0.5181,1,defensive
106.89,64.12,6.313,-19.52,0.8345,0,pull
111.32,72.78,6.943,27.85,0.6839,0,pull
75.32,43.86,4.586,-28.87,0.2136,0,defensive
96.61,77.73,6.472,-19.84,0.7685,0,pull
95.59,39.28,2.749,-38.88,0.8741,0,flick
100.04,35.73,2.714,6.12,0.8731,1,straight_drive
72.53,68.16,5.557,84.44,0.7822,1,cut
68.05,91.35,4.878,64.72,0.8856,0,cut
81.39,17.71,4.057,8.04,0.4829,1,defensive
96.7,79.03,6.13,76.29,0.7272,0,cut
90.93,52.7,2.383,36.24,0.9275,1,straight_drive
97.86,15.14,2.641,50.57,0.7135,1,cover_drive
88.03,47.37,5.843,55.88,0.696,1,cut
94.48,71.47,5.913,58.33,0.7761,0,cut
83.21,30.49,5.028,23.34,0.6526,1,defensive
90.54,79.83,6.735,62.76,0.7862,1,cut
77.83,56.48,5.582,-29.39,0.5734,1,defensive
106.95,81.25,5.024,-50.27,0.8252,0,pull
107.6,111.97,7.279,-38.7,0.7834,0,pull
87.29,67.54,7.055,52.56,0.9805,0,cut
97.44,49.03,6.056,-1.96,0.6006,1,pull
117.85,51.41,7.738,19.25,0.5748,0,pull
98.6,46.66,2.661,-4.54,0.5768,1,straight_drive
90.12,93.95,5.599,78.39,0.7551,0,cut
89.94,42.43,4.493,-26.29,0.5244,1,defensive
83.14,36.85,6.043,82.3,0.371,0,defensive
103.26,34.27,2.946,-50.06,0.7658,1,flick
94.83,56.04,3.694,42.97,0.5738,1,cover_drive
101.27,80.21,7.656,-6.38,0.5311,0,pull
92.11,64.0,6.31,0.4,0.8986,1,pull
96.52,81.28,5.425,89.39,0.731,0,cut
86.87,18.0,3.337,87.81,0.6901,1,cover_drive
69.16,43.76,2.873,-49.08,0.4189,1,flick
94.03,68.18,6.39,7.57,0.7417,0,pull
96.03,22.05,3.687,12.02,0.841,1,straight_drive
85.73,53.66,2.72,60.93,1.0,0,straight_drive
84.64,42.58,3.07,38.46,0.7819,1,cover_drive
100.21,65.47,6.828,87.37,0.8072,0,cut
86.4,55.28,2.707,5.8,0.772,1,straight_drive
97.97,29.54,4.402,22.39,0.819,1,straight_drive
89.7,45.73,7.585,31.55,0.6105,1,pull
73.77,78.96,3.124,-38.99,0.4582,1,flick
100.8,77.55,6.197,100.96,0.454,0,cut
67.37,43.47,3.746,-32.77,0.4763,0,flick
84.58,67.87,6.596,3.98,0.871,0,pull
77.85,88.24,5.573,-6.04,0.6081,0,pull
92.16,23.04,3.153,57.38,0.7381,1,cover_drive
78.18,73.74,6.15,10.49,0.6317,1,pull
100.14,94.17,5.012,50.91,0.3623,0,cut
76.39,72.39,5.656,11.9,0.6404,1,cut
97.63,32.11,2.745,41.78,0.8534,0,cover_drive
79.56,40.65,4.212,-57.08,0.4151,1,flick
81.11,0.0,4.872,47.28,0.4394,0,defensive
112.84,50.13,5.492,-31.63,0.6453,0,pull
102.48,52.84,3.991,-2.1,0.977,1,flick
91.22,38.72,2.741,53.24,0.6718,1,cover_drive
100.79,76.57,6.21,7.7,0.8246,0,pull
105.93,70.99,6.736,29.88,1.0,1,cut
86.08,62.94,7.726,40.45,0.6846,0,cut
102.13,77.19,5.603,51.89,0.6549,0,cut
91.38,30.44,3.092,30.41,0.8001,1,cover_drive
100.84,45.7,3.963,-53.24,0.5449,1,flick
101.25,37.52,3.575,66.3,0.8661,1,cover_drive
95.79,76.41,6.151,33.65,0.5873,0,cut
86.03,84.01,5.325,87.57,0.8063,0,cut
79.1,33.84,4.735,14.08,0.5429,1,defensive
75.94,49.44,4.351,-43.25,0.6948,1,flick
101.67,62.67,3.315,-29.43,0.9567,1,straight_drive
68.27,56.58,2.104,54.31,0.7865,1,cover_drive
95.04,72.51,6.338,-2.45,0.5235,0,pull
95.76,68.1,5.849,35.34,0.6005,0,cut
76.22,40.59,3.535,8.18,0.6245,1,defensive
97.63,64.59,5.774,83.11,0.6798,0,cut
98.41,53.93,2.691,0.01,0.8178,1,cover_drive
75.07,86.22,5.74,-41.98,0.9199,0,pull
46.28,13.66,2.922,28.24,0.4933,1,defensive
94.92,68.73,7.451,-33.12,0.5371,1,pull
93.08,72.77,3.653,-55.68,0.6321,1,flick
84.86,32.49,4.519,-61.17,0.5445,0,flick
78.47,101.99,5.065,63.99,0.6167,0,cut
89.82,70.04,6.537,91.6,0.9098,0,cut
88.71,58.47,1.841,22.04,0.6209,0,straight_drive
94.14,83.19,7.091,2.8,0.7884,0,pull
94.24,21.17,2.463,39.74,0.7715,1,straight_drive
93.52,88.16,6.205,63.49,0.8354,0,cut
85.53,73.98,3.031,-21.49,0.8028,1,flick
96.96,58.1,5.499,82.56,0.809,0,cut
78.52,47.71,3.912,-62.34,0.7042,1,flick
64.29,52.41,3.54,-6.96,0.5208,1,defensive
86.86,30.12,2.953,75.91,0.765,1,cover_drive
82.74,77.01,5.232,108.22,0.7894,0,cut
72.22,40.7,3.2,31.67,0.6696,1,straight_drive
105.37,34.99,2.923,-0.73,0.8743,1,straight_drive
93.12,36.94,3.69,65.92,0.4842,1,cover_drive
79.28,55.7,6.182,91.88,0.5158,0,defensive
112.79,56.71,7.776,-9.77,0.5158,0,pull
87.64,48.6,2.51,8.84,0.6688,1,straight_drive
107.78,98.86,6.091,-6.33,0.6915,0,pull
87.41,65.37,6.686,-49.64,0.8524,0,pull
92.17,86.15,6.37,-8.47,0.8351,1,pull
91.28,31.84,3.443,42.13,0.7347,1,cover_drive
79.1,32.61,5.115,-20.91,0.6402,0,flick
83.96,18.52,3.829,39.47,0.641,1,cover_drive
91.09,20.18,5.715,100.01,0.975,0,cut
101.05,35.15,3.205,5.62,0.9388,1,straight_drive
97.38,48.58,4.946,1.86,0.4011,1,defensive
80.37,27.27,2.975,89.55,0.8361,1,cover_drive
125.43,102.01,6.833,-32.15,0.8119,0,pull
120.78,70.45,6.783,-38.63,0.8223,0,pull
92.54,47.95,3.986,31.39,0.8262,1,cover_drive
97.51,60.09,7.498,8.75,0.7,0,pull
72.87,64.53,3.98,-32.13,0.3311,0,defensive
99.44,76.5,3.768,29.98,0.6989,1,straight_drive
75.63,18.68,2.755,32.5,0.6258,1,cover_drive
82.63,103.85,6.908,53.59,0.6676,0,cut
90.73,52.32,5.481,51.53,0.6715,1,cut
109.24,29.39,4.254,43.66,0.7179,1,straight_drive
96.2,11.18,3.51,-32.85,0.5769,0,flick
82.45,40.18,4.154,-95.94,0.6228,1,flick
78.44,22.79,3.531,3.59,0.6565,1,straight_drive
92.71,53.2,2.707,-50.98,0.8551,0,flick
84.44,56.04,5.109,0.04,0.4761,1,defensive
87.02,29.97,3.851,-2.63,0.6858,1,defensive
86.55,89.78,6.941,49.6,0.8,0,cut
84.47,32.55,2.8,35.02,0.6374,1,straight_drive
114.1,47.07,2.877,11.22,0.8805,1,straight_drive
79.34,54.47,3.887,-55.38,0.4826,0,flick
81.52,37.74,3.219,41.82,0.7711,1,straight_drive
88.76,101.18,6.004,64.07,0.7585,0,cut
84.89,37.39,2.728,-28.52,0.669,0,flick
103.04,46.99,3.247,27.99,0.7864,1,cover_drive
90.88,46.56,3.782,40.48,0.812,1,cover_drive
72.56,23.09,2.544,19.17,0.4418,1,straight_drive
100.55,34.69,4.17,-43.18,0.7841,1,flick
78.21,35.35,4.352,-74.25,0.8508,1,flick
69.58,34.89,3.204,1.35,0.7492,1,defensive
109.71,23.17,3.036,-2.31,0.7246,1,straight_drive
68.57,57.36,4.772,-21.3,0.7335,1,flick
82.12,57.25,4.839,-51.34,0.6733,0,flick
96.73,84.52,7.962,6.46,0.6843,0,pull
112.67,54.06,6.796,14.64,0.6974,0,pull
96.57,43.83,3.666,17.04,0.8798,1,cover_drive
118.83,35.81,3.606,67.54,0.8324,0,cover_drive
93.34,37.6,1.861,-30.66,0.6038,1,straight_drive
59.71,29.09,4.513,-37.08,0.7917,1,defensive
95.66,73.15,2.45,57.47,0.8147,1,cover_drive
104.57,28.9,4.266,-26.13,0.8726,0,flick
86.08,56.22,6.03,-27.46,0.56,1,pull
105.66,40.99,2.781,42.18,0.6198,1,straight_drive
91.93,83.41,6.674,29.07,0.6069,0,pull
111.07,79.95,6.441,46.3,0.7792,0,cut
102.51,35.83,3.919,-9.88,0.8799,1,straight_drive
78.79,47.88,4.36,15.66,0.6845,1,defensive
87.07,45.13,4.117,26.27,0.7221,1,defensive
95.58,27.38,3.494,72.4,0.741,1,cover_drive
89.52,52.56,3.071,28.66,0.7709,1,straight_drive
89.94,58.2,3.567,8.27,0.6015,1,straight_drive
84.29,73.63,4.937,133.01,0.9209,0,cut
71.7,35.94,3.021,10.79,0.7407,1,straight_drive
106.07,47.4,5.527,-18.5,0.5106,1,pull
104.6,52.25,3.499,-57.81,0.7718,0,flick
115.35,21.96,2.816,32.23,0.6629,1,cover_drive
98.67,46.61,2.828,102.8,0.7777,1,cover_drive
74.13,68.95,6.778,34.45,0.8613,0,pull
107.61,56.11,4.274,-27.38,0.5994,1,flick
88.54,50.83,3.361,-37.81,0.9282,1,flick
109.96,75.31,6.914,5.91,0.7282,0,pull
96.77,34.73,3.458,41.04,0.6672,1,cover_drive
79.77,36.52,3.948,-10.4,1.0,0,flick
104.19,31.83,3.187,-63.04,0.6816,1,flick
74.33,67.55,3.541,17.65,0.6479,0,defensive
101.35,30.3,2.456,23.41,0.7636,1,straight_drive
101.35,31.93,3.18,77.8,0.9205,1,cover_drive
90.93,5.23,3.83,43.32,0.7691,1,cover_drive
105.39,88.8,5.665,-12.22,0.4134,0,pull
91.26,62.89,2.562,25.0,0.6941,1,straight_drive
94.74,42.03,5.85,-6.71,0.7679,1,pull
59.54,48.72,2.696,6.49,0.4554,1,defensive
108.35,28.56,4.448,59.82,0.536,1,defensive
98.29,65.78,6.895,-3.95,0.8959,0,pull
95.52,35.04,2.688,46.01,0.8762,1,cover_drive
76.45,44.73,2.482,-51.31,0.6677,1,flick
97.68,82.57,6.714,-4.25,0.8148,0,pull
68.91,59.91,6.073,99.02,0.6743,0,cut
93.11,15.91,3.272,-65.01,0.7743,1,flick
76.07,31.64,3.32,33.62,0.5026,1,defensive
89.18,25.9,3.722,39.07,0.9346,1,straight_drive
91.0,53.66,3.389,-8.98,0.7844,1,straight_drive
81.23,37.05,2.961,-49.79,0.7837,1,flick
90.98,71.99,8.238,-20.11,0.8312,0,pull
85.01,17.8,3.029,-4.44,0.6658,1,defensive
74.92,41.81,6.19,67.67,0.575,0,cut
84.22,54.85,3.546,-24.28,0.9252,1,defensive
94.08,68.16,5.516,86.5,1.0,0,cut
70.68,40.28,5.086,-28.23,0.7489,1,flick
115.63,100.96,7.136,-43.8,0.8285,0,pull
105.89,46.61,3.711,34.6,0.7286,1,cover_drive
92.09,47.37,2.812,15.08,0.8063,1,straight_drive
92.12,55.56,3.661,-26.06,0.7685,0,flick
89.57,32.43,2.592,76.21,0.7394,1,cover_drive
91.1,41.4,5.98,62.71,0.795,0,cut
68.63,30.17,4.483,52.88,0.6581,1,defensive
94.34,64.76,4.671,13.82,0.81,1,cut
92.15,32.94,2.623,86.52,0.7162,1,cover_drive
97.65,65.87,6.498,113.29,0.5266,0,cut
99.15,32.27,2.478,53.2,0.4473,1,straight_drive
93.3,49.28,2.662,86.72,0.8978,1,cover_drive
80.63,38.27,2.828,7.87,0.8704,1,straight_drive
106.0,32.55,3.492,69.08,1.0,1,cover_drive
91.93,24.01,2.803,45.51,0.5804,1,cover_drive
96.34,76.16,6.775,33.89,0.9737,0,cut
70.8,38.41,2.697,32.91,0.7865,1,straight_drive
71.84,55.0,4.391,23.29,0.574,0,defensive
92.73,56.79,7.199,43.04,0.5972,1,cut
98.32,75.22,3.172,24.52,0.5528,1,straight_drive
91.58,43.98,3.629,-44.13,0.8203,1,flick
91.08,41.3,5.689,98.27,0.7716,0,cut
108.24,90.34,6.385,59.84,0.7365,0,cut
93.44,44.97,5.54,-13.39,0.6305,1,defensive
97.32,74.82,6.596,11.71,1.0,0,pull
97.47,29.98,3.838,-13.83,0.7502,1,flick
78.55,12.61,3.556,-10.97,0.5913,1,flick
85.79,55.27,6.619,19.01,0.8881,0,pull
86.95,70.49,5.792,76.69,0.7314,0,cut
90.15,50.09,2.653,14.64,0.8637,1,straight_drive
92.48,32.79,3.057,39.28,0.7556,1,cover_drive
70.2,6.79,3.908,-25.91,0.5479,0,defensive
112.29,18.22,2.653,76.58,0.654,1,cover_drive
83.23,53.44,7.497,-4.32,0.5504,0,pull
98.68,34.87,3.491,82.37,0.6045,1,cover_drive
111.56,6.0,2.555,-6.37,0.7643,1,straight_drive
111.99,42.25,3.957,-14.0,0.6057,0,flick
89.06,44.29,3.298,41.48,0.7976,1,cover_drive
101.65,33.01,2.685,64.4,0.7957,1,cover_drive
99.12,58.75,6.12,65.08,0.891,1,cut
108.7,44.73,3.851,-54.14,0.7291,1,flick
102.85,32.46,3.725,74.53,0.7118,1,cover_drive
98.9,65.13,7.15,-42.29,0.83,0,pull
100.32,23.22,2.575,76.65,0.7759,1,cover_drive
98.93,29.63,2.798,72.39,0.8904,1,cover_drive
89.79,50.74,3.511,27.64,0.7506,1,cover_drive
84.52,15.72,4.621,-17.15,0.6973,1,defensive
82.76,82.89,7.468,63.92,0.7013,1,cut
96.42,67.2,4.076,52.39,0.6026,0,cut
108.08,47.03,2.483,18.6,0.8127,1,straight_drive
83.7,46.2,3.549,-85.41,0.5431,1,flick
89.2,55.37,5.145,-19.75,0.7649,1,flick
101.38,55.75,6.623,71.53,0.6004,0,cut
83.5,51.85,6.579,-18.02,0.7472,0,pull
92.55,42.84,2.239,67.78,0.744,1,cover_drive
90.92,42.93,2.97,3.73,0.7156,1,straight_drive
90.39,31.85,4.72,-5.33,0.7814,1,defensive
87.77,89.4,5.522,43.19,0.484,0,cut
78.41,54.72,5.554,84.13,0.7397,0,defensive
86.85,78.2,6.757,-20.61,0.6956,0,pull
84.08,36.16,3.276,-27.11,0.5991,0,flick
103.17,25.05,2.721,23.3,0.9597,1,straight_drive
95.74,34.51,2.98,-3.6,0.9314,1,straight_drive
75.47,35.14,4.853,13.62,0.4836,1,defensive
92.03,47.36,3.074,70.6,0.7808,1,cover_drive
82.76,38.25,4.306,14.92,0.8747,1,straight_drive
74.87,47.94,3.182,-19.83,0.4253,1,flick
94.66,32.56,2.627,25.37,0.867,1,straight_drive
94.96,29.87,4.98,15.48,0.4447,1,defensive
105.71,78.01,6.281,2.87,0.9705,0,pull
93.09,54.06,3.105,67.8,0.6003,1,cover_drive
75.5,20.88,2.177,0.58,0.7562,1,straight_drive
82.32,89.68,6.358,-1.11,0.6118,0,pull
107.41,37.27,3.106,22.26,0.872,1,straight_drive
118.0,42.07,3.06,5.75,0.705,1,straight_drive
90.82,52.03,5.857,33.05,0.4825,0,cut
103.51,83.71,6.743,-15.06,0.7356,0,pull
103.18,36.84,2.982,24.89,0.7177,1,straight_drive
89.47,71.9,4.654,74.02,0.9573,1,cut
92.97,35.56,3.245,34.43,0.7928,1,cover_drive
79.12,62.06,6.758,-17.61,0.6058,0,pull
83.08,72.78,4.771,74.52,0.9397,1,cut
84.08,42.56,3.049,-53.48,0.9121,1,flick
87.19,57.4,2.834,-50.48,0.7487,1,flick
89.22,35.64,3.06,57.76,0.9893,1,cover_drive
100.24,50.49,3.492,48.35,0.8593,1,cover_drive
72.19,86.28,6.644,-26.78,0.2808,0,pull
76.21,63.13,2.393,43.57,0.5725,1,straight_drive
93.61,81.18,8.71,-37.42,0.7479,1,pull
87.06,103.55,6.815,-61.85,0.9594,0,pull
99.49,39.98,3.387,19.47,0.9317,1,straight_drive
80.18,47.54,2.122,54.98,0.55,1,cover_drive
60.49,40.47,3.107,-19.58,0.282,1,defensive
77.73,49.4,3.305,71.47,0.7105,1,cover_drive
64.16,48.74,4.034,9.93,0.4296,0,defensive
89.7,63.15,6.172,66.83,0.7471,1,cut
104.76,69.31,6.531,-37.19,0.6126,1,pull
88.64,76.49,6.548,-23.06,0.7363,0,pull
84.07,79.96,8.324,-26.53,0.7223,0,pull
110.07,54.78,4.258,-41.81,0.6946,0,flick
85.66,34.54,3.499,42.38,0.9304,1,straight_drive
67.3,68.21,4.629,-50.91,0.6324,1,flick
71.02,29.41,4.19,-21.25,0.5405,0,defensive
77.25,15.37,3.093,44.56,0.775,1,cover_drive
97.26,18.83,3.453,37.03,0.8284,1,straight_drive
82.33,41.8,4.372,-23.42,0.7448,1,defensive
71.06,39.86,2.972,80.19,0.5966,1,cover_drive
106.28,27.46,3.178,18.12,0.8356,0,cover_drive
80.86,53.1,3.923,40.62,0.2744,1,defensive
88.47,39.15,3.603,-67.26,0.6713,0,flick
94.06,78.32,6.336,-21.33,0.8143,1,pull
89.72,52.62,3.725,-37.78,0.8235,1,flick
87.23,88.57,6.287,-16.59,0.7341,0,pull
76.58,54.3,3.529,-27.96,0.6776,1,flick
98.92,75.79,5.761,61.0,0.6878,0,cut
96.6,52.31,2.181,64.08,0.8791,1,cover_drive
110.62,73.28,6.585,-17.25,0.8233,1,pull
89.0,74.89,5.981,94.58,0.6225,1,cut
99.57,46.85,2.954,53.26,0.7638,1,cover_drive
86.12,75.48,6.86,-11.23,0.6926,0,pull
85.62,46.97,3.451,-48.98,0.617,1,flick
114.2,36.28,3.676,19.67,0.7543,1,straight_drive
87.83,38.93,3.074,25.2,0.7137,1,straight_drive
70.41,67.79,3.406,-51.62,0.6864,0,flick
62.26,54.64,3.112,-7.82,0.6749,1,defensive
97.42,52.66,3.471,58.59,0.7992,1,cover_drive
94.2,39.97,2.811,38.55,0.8451,1,cover_drive
91.17,37.75,5.871,-9.48,0.47,1,pull
94.99,61.59,6.919,38.59,0.7819,0,cut
94.95,19.33,3.141,-23.58,0.1787,1,defensive
79.76,46.22,2.436,21.56,0.6642,1,straight_drive
78.28,59.92,4.506,7.45,0.5092,1,defensive
96.56,44.44,3.209,13.38,0.5585,1,straight_drive
93.51,39.31,4.846,-29.77,0.7945,1,flick
93.31,64.9,6.25,-57.34,0.7119,0,pull
87.94,69.43,6.681,99.88,0.6685,0,cut
97.53,33.57,4.108,76.75,0.7361,1,cover_drive
95.6,25.56,2.817,25.35,0.8119,1,straight_drive
76.82,62.21,3.808,20.85,0.7034,0,straight_drive
85.12,40.37,3.211,47.0,0.7205,1,straight_drive
116.32,60.6,6.568,15.95,0.6026,1,pull
97.93,79.43,5.616,-14.55,0.784,0,pull
100.56,65.33,6.348,91.97,0.7229,1,cut
109.99,70.62,6.148,-18.96,0.6749,0,pull
51.82,79.11,5.829,-36.31,0.3877,1,defensive
88.94,38.3,4.054,45.92,0.352,1,defensive
74.46,45.49,4.438,4.9,0.6378,1,defensive
85.69,67.57,6.493,-25.46,0.9243,0,pull
112.54,91.12,7.193,6.43,0.5815,0,pull
98.34,57.35,3.339,58.41,0.9649,1,cover_drive
127.21,85.4,6.704,18.15,0.5215,0,pull
113.11,70.83,5.951,-59.18,0.8555,0,pull
98.45,84.9,6.485,14.59,0.5346,0,pull
98.2,97.78,7.414,-41.88,0.5481,0,pull
73.83,44.71,2.65,-60.01,0.8831,0,flick
85.77,44.71,2.37,36.71,0.7794,1,cover_drive
88.04,64.34,3.3,80.8,0.7197,1,cover_drive
90.69,88.47,6.522,39.94,0.795,1,cut
92.04,84.9,5.746,54.87,0.5998,0,cut
89.3,33.54,2.259,7.33,0.8588,1,straight_drive
84.9,52.5,6.687,69.07,0.8365,0,cut
86.06,77.12,5.601,60.84,0.8103,0,cut
85.42,40.03,3.326,12.68,0.5233,1,defensive
97.32,32.35,2.062,45.26,0.7166,1,cover_drive
95.54,76.79,7.527,32.39,0.7772,0,pull
104.16,25.85,3.913,53.5,0.9427,1,cover_drive
99.2,41.58,2.715,62.6,0.9567,1,cover_drive
105.68,42.36,3.265,53.78,0.8362,0,cover_drive
104.29,34.22,3.213,-2.82,0.7409,0,straight_drive
90.22,40.06,3.691,-4.49,0.7857,1,straight_drive
90.24,84.2,6.315,-12.92,0.7214,0,pull
107.48,61.76,2.89,75.96,0.5915,1,cover_drive
80.02,33.03,5.706,65.67,0.5083,0,cut
92.47,38.49,3.846,64.71,0.6914,1,cover_drive
86.78,29.17,3.568,66.44,0.6563,1,cover_drive
96.54,47.44,3.246,-12.97,0.6941,1,straight_drive
95.56,68.45,4.253,54.6,0.8418,0,cut
109.97,84.51,6.635,66.16,0.5772,1,cut
103.16,81.09,5.172,74.07,0.63,0,cut
84.84,35.42,2.995,50.72,0.7136,1,cover_drive
72.29,59.28,4.827,49.63,0.5511,0,defensive
81.4,36.29,2.763,13.82,0.6286,1,straight_drive
97.24,46.37,3.263,65.0,0.6697,1,cover_drive
87.35,35.07,3.772,11.65,0.691,1,straight_drive
97.78,43.76,3.341,76.95,0.7236,1,cover_drive
87.15,14.87,3.266,22.53,0.7114,1,straight_drive
95.95,29.54,4.19,21.59,0.7219,1,flick
94.93,78.9,7.201,40.03,0.706,0,cut
110.61,80.49,7.596,12.6,0.6036,1,pull
80.7,45.92,3.209,2.8,0.6133,1,flick
87.67,33.26,3.175,23.2,0.6055,1,straight_drive
91.65,47.59,3.219,88.65,0.7188,1,cover_drive
101.64,59.74,2.9,24.46,0.6696,1,straight_drive
76.49,35.51,3.611,-79.07,0.5745,1,flick
80.53,35.91,2.671,60.74,0.9184,1,cover_drive
95.06,26.9,2.729,53.21,0.8878,1,cover_drive
39.06,46.32,5.421,30.5,0.6751,1,defensive
95.48,83.33,5.927,30.42,0.5711,0,cut
92.98,70.11,6.336,80.58,1.0,0,cut
104.6,11.57,2.579,-6.05,0.6168,0,straight_drive
103.29,68.74,7.547,-0.19,0.6322,0,pull
96.37,63.86,3.925,-61.63,1.0,1,flick
106.71,35.02,3.395,55.18,0.6412,1,cover_drive
92.72,36.79,2.994,13.48,0.5716,1,defensive
107.19,89.8,5.766,48.21,0.6623,0,pull
93.47,100.79,6.427,59.45,0.6085,1,cut
73.98,30.92,4.244,35.39,0.831,1,defensive
94.97,63.58,6.943,-55.53,0.6564,0,pull
109.08,35.47,3.228,-1.17,0.9396,1,straight_drive
104.84,91.33,5.305,19.33,0.758,1,cut
96.53,31.76,2.907,44.67,0.6389,1,cover_drive
100.49,50.38,6.715,28.39,0.5867,0,cut
99.2,75.19,5.415,78.33,0.7071,1,cut
99.52,50.94,3.112,64.74,0.8175,1,cover_drive
102.13,80.29,4.928,72.38,0.6289,0,cut
102.67,85.21,6.213,4.26,0.5073,0,pull
76.15,47.2,3.024,1.78,0.2184,1,defensive
100.53,36.33,3.793,-30.13,0.3756,0,flick
95.1,56.23,5.816,-35.17,0.8719,0,pull
88.82,24.23,3.685,12.75,0.6847,1,straight_drive
67.89,58.9,3.438,-15.1,0.4201,1,defensive
73.4,59.38,4.392,-33.52,0.3247,1,defensive
87.17,68.45,7.261,70.11,1.0,1,cut
92.73,75.72,5.643,62.02,0.9734,0,cut
107.84,60.67,7.137,71.07,0.95,0,cut
95.84,67.43,6.046,32.23,0.6619,0,cut
83.23,32.39,3.717,58.08,0.6178,1,cover_drive
121.9,65.28,5.952,-18.53,0.7525,0,pull
79.89,57.77,4.12,-36.99,0.762,1,flick
93.96,58.63,7.14,57.67,0.8053,1,cut
102.14,46.65,3.538,31.77,0.7888,1,cover_drive
92.48,43.61,4.16,-47.14,0.6476,1,flick
68.69,63.44,2.593,44.55,0.826,1,straight_drive
99.66,55.22,4.801,-21.84,0.2454,1,defensive
65.49,43.03,3.97,10.12,0.779,0,defensive
68.05,21.94,4.735,-24.16,0.4791,0,defensive
109.01,71.11,7.023,6.77,0.9161,0,pull
76.6,20.56,4.728,31.96,0.9375,1,defensive
87.23,51.79,6.195,77.55,0.7346,0,cut
83.96,105.22,6.541,8.99,0.6854,0,pull
89.71,43.8,4.073,-31.58,0.9636,0,flick
100.64,59.16,2.669,17.77,0.6245,1,straight_drive
69.7,38.83,5.369,-2.01,0.6722,0,defensive
107.11,46.77,5.806,28.76,0.7641,1,cut
67.1,71.0,4.305,-51.06,0.4364,0,flick
87.74,71.94,6.974,11.42,0.7901,1,pull
75.12,46.87,5.911,27.12,0.7659,1,cut
73.93,30.88,3.594,11.52,0.5462,0,defensive
73.63,54.1,5.751,127.53,0.8743,1,cut
96.09,56.87,7.218,36.16,0.6643,0,cut
100.17,52.61,4.309,-54.99,0.645,1,flick
82.24,27.53,2.79,84.47,0.8352,1,cover_drive
84.73,65.16,5.029,0.69,0.6627,0,defensive
86.19,34.85,2.585,13.34,0.7186,1,straight_drive
100.63,72.23,5.63,86.85,0.7354,0,cut
113.03,106.72,7.117,-22.63,0.7731,0,pull
95.35,51.18,7.783,68.46,0.8126,0,cut
85.31,6.89,4.164,22.91,0.7638,1,straight_drive
65.01,14.35,4.446,-47.7,0.5387,0,defensive
88.28,22.08,3.645,-4.83,0.8574,1,straight_drive
101.77,93.69,7.301,106.95,0.7075,0,cut
89.22,48.04,2.855,18.55,0.5205,1,straight_drive
109.27,67.5,6.309,-26.72,0.503,1,pull
85.61,56.6,3.976,44.74,0.815,1,defensive
93.51,26.8,4.513,-47.13,0.8709,1,flick
82.56,41.04,3.218,46.12,0.7043,0,cover_drive
65.77,52.76,3.824,-44.78,0.6364,1,defensive
111.01,41.69,5.842,56.41,0.6378,0,cut
94.88,45.47,3.222,22.29,0.9155,1,straight_drive
84.14,57.89,4.914,-14.26,0.7049,1,flick
52.92,30.83,3.754,-4.55,0.4935,1,defensive
50.48,24.47,4.957,6.18,0.5825,0,defensive
91.99,44.54,2.948,4.1,0.5837,1,straight_drive
96.64,93.53,6.36,26.74,0.4657,1,pull
103.72,50.03,3.451,-42.02,0.8687,1,flick
92.98,17.5,3.006,0.83,0.707,1,straight_drive
82.64,35.66,2.981,12.24,0.7007,1,flick
91.13,52.47,2.456,45.94,0.6983,1,straight_drive
104.44,39.25,4.027,-1.12,0.4513,0,defensive
96.46,34.24,2.197,15.2,0.7458,1,straight_drive
80.03,32.88,5.185,-16.38,0.5247,0,defensive
76.14,21.44,6.227,90.1,0.6049,1,defensive
89.8,70.27,5.307,106.41,0.6763,0,cut
99.71,56.42,3.801,54.15,0.9071,1,cover_drive
93.77,80.23,7.045,-30.66,0.6855,0,pull
65.29,34.96,5.166,-14.75,0.2226,1,defensive
94.29,62.78,3.337,-13.65,0.4591,0,defensive
107.06,40.46,3.736,46.94,0.8521,1,cover_drive
83.22,41.19,4.148,48.62,0.6809,1,defensive
86.81,31.2,2.489,-8.3,0.89,1,straight_drive
96.98,16.29,3.279,91.62,0.6742,1,cover_drive
53.1,6.19,5.254,-26.39,0.9099,1,defensive
84.89,53.56,3.326,-35.88,0.719,1,flick
99.96,48.81,3.283,14.12,0.9219,1,straight_drive
112.98,49.28,3.755,72.45,0.7593,1,cover_drive
85.41,29.12,3.52,20.77,0.6533,1,cover_drive
79.95,38.44,3.076,-11.95,0.9276,1,straight_drive
107.44,66.76,3.362,-57.97,0.6279,0,flick
87.06,67.75,6.398,-75.54,0.6613,0,pull
89.79,31.75,3.439,95.26,0.7922,1,cover_drive
117.69,74.72,6.191,-47.85,0.467,0,pull
69.06,29.97,3.938,22.31,0.609,1,defensive
82.16,65.85,4.629,23.19,0.6023,1,defensive
77.27,31.28,2.861,34.75,0.491,0,straight_drive
86.63,42.62,2.369,7.65,0.83,1,straight_drive
94.8,40.45,3.632,-39.61,0.9981,1,flick
108.29,26.91,3.347,17.1,0.8216,1,cover_drive
114.0,21.54,3.901,13.38,0.7268,1,straight_drive
97.42,24.58,3.504,34.68,0.7976,1,cover_drive
84.38,32.25,3.216,37.94,0.677,1,cover_drive
87.31,77.31,7.165,88.12,0.5961,0,cut
89.75,47.32,3.483,-91.82,0.4803,1,flick
92.98,17.09,3.581,51.52,0.7613,1,cover_drive
102.34,38.95,3.026,-21.84,0.5437,1,straight_drive
66.24,52.73,4.605,21.95,0.3731,1,defensive
95.68,56.74,3.397,-28.99,0.3948,0,defensive
97.78,85.38,6.943,51.46,0.4488,0,cut
98.46,73.86,4.468,53.42,0.6095,0,cut
88.92,87.72,7.153,-5.51,0.6488,0,pull
113.9,87.31,6.969,8.55,0.6348,0,pull
93.94,51.71,4.009,-33.41,0.9175,0,flick
70.17,23.03,2.957,28.51,0.5548,1,defensive
95.01,71.68,6.379,62.22,0.7764,0,cut
108.54,70.89,5.913,64.88,0.8512,0,pull
65.52,39.28,6.74,19.07,0.4603,1,defensive
98.79,46.69,2.983,65.32,0.7866,1,cover_drive
96.46,33.39,3.899,14.2,0.6435,0,defensive
78.0,82.38,6.616,96.12,0.6563,0,cut
92.01,15.55,2.036,74.32,0.5441,1,cover_drive
76.5,50.24,3.546,-30.26,0.4193,1,defensive
92.6,42.29,6.463,-10.73,0.7379,0,pull
95.32,33.63,2.41,65.92,0.868,1,cover_drive
94.92,35.66,3.578,-22.0,0.7916,1,flick
70.36,57.3,4.558,57.17,0.7779,0,cut
93.4,49.19,2.738,96.53,0.5673,1,cover_drive
97.21,55.43,3.383,10.77,0.3365,1,straight_drive
86.79,50.12,2.596,53.13,0.6028,1,straight_drive
99.27,30.27,2.353,32.08,0.8267,1,straight_drive
101.31,38.47,2.531,13.3,0.6899,1,cover_drive
77.33,51.84,5.552,79.87,0.7608,1,cut
94.17,21.96,4.12,-5.49,0.7536,1,straight_drive
107.93,54.39,4.264,-36.88,0.8381,1,flick
89.94,81.76,6.713,0.25,0.4659,0,pull
79.34,49.95,3.245,57.78,0.7521,1,cover_drive
82.21,65.99,6.785,-14.09,0.4656,1,pull
104.64,60.43,6.059,61.18,0.6819,0,cut
108.21,54.44,3.448,59.54,0.5237,1,cover_drive
77.43,39.66,5.936,72.39,0.4082,1,cut
86.05,47.55,3.712,57.91,0.7276,1,cover_drive
102.94,50.2,3.103,23.62,0.8248,1,straight_drive
77.16,22.19,3.251,54.22,0.7705,1,cover_drive
85.57,52.29,2.723,-79.46,0.5192,0,flick
88.5,63.53,6.199,11.02,0.4832,0,pull
108.33,53.93,7.202,-48.33,0.5534,0,pull
83.7,25.97,2.344,1.81,0.8874,1,straight_drive
84.44,58.19,4.774,37.76,0.6137,0,defensive
113.91,71.61,6.324,-45.19,1.0,1,pull
84.01,74.03,5.97,-19.0,0.6752,0,pull
91.63,30.31,3.884,71.71,0.7893,1,cover_drive
103.31,11.57,3.038,36.23,0.8478,1,straight_drive
84.82,26.79,5.786,60.15,0.8523,0,cut
87.77,82.28,6.731,81.63,0.5579,0,cut
89.56,24.14,3.196,40.99,0.5321,1,defensive
84.77,26.45,3.351,85.75,0.7784,1,cover_drive
109.25,35.78,3.118,-28.18,0.888,1,flick
90.31,11.06,5.034,-40.63,0.5321,1,defensive
61.71,42.47,5.068,-35.11,0.4068,0,defensive
73.17,28.69,4.623,11.73,0.8169,0,defensive
70.8,51.41,4.905,-9.87,0.4633,0,defensive
80.29,46.09,3.048,48.42,0.5646,1,cover_drive
96.18,106.12,3.856,-68.11,0.8885,1,flick
79.31,30.78,3.553,-85.02,0.565,1,flick
88.91,55.35,3.902,-16.32,0.4188,0,flick
99.29,30.96,3.05,19.87,0.6627,0,cover_drive
99.21,32.59,3.645,6.47,0.7455,1,straight_drive
83.52,46.93,3.856,-38.76,0.533,1,flick
92.03,62.72,3.013,57.37,1.0,1,cover_drive
88.0,20.64,3.211,-4.47,0.7929,1,defensive
84.03,65.16,5.442,63.17,0.579,0,cut
93.13,58.15,6.653,-11.13,0.5842,0,pull
97.83,65.08,7.448,-51.12,0.7593,0,pull
82.19,45.5,2.307,11.01,0.5899,1,defensive
96.35,14.93,3.994,-11.4,0.5538,1,defensive
102.32,57.56,4.774,-29.62,0.6566,0,flick
98.42,30.1,2.467,57.28,0.7744,1,cover_drive
95.74,42.3,5.723,77.51,0.6285,0,cut
87.78,79.86,5.718,76.66,0.6744,0,cut
99.48,57.18,6.678,103.96,0.5786,0,cut
99.61,37.66,2.436,-3.34,0.6284,1,straight_drive
97.2,29.19,2.371,43.96,0.7227,1,cover_drive
76.17,30.98,4.008,28.64,0.4335,1,defensive
81.37,62.42,6.34,35.26,0.624,0,pull
85.44,49.18,3.74,-56.25,0.7874,0,flick
91.36,44.16,6.311,80.55,0.8455,0,cut
88.47,31.11,2.678,38.09,0.7223,1,cover_drive
108.68,28.2,3.301,1.09,0.697,1,straight_drive
105.86,55.38,6.596,-4.46,0.8242,0,pull
91.12,67.29,5.9,77.46,0.7637,0,cut
82.71,34.36,2.948,16.64,0.9053,1,straight_drive
85.34,49.12,2.914,19.15,0.5736,1,straight_drive
102.5,43.42,7.124,43.68,0.796,0,cut
94.38,69.71,6.05,-13.89,0.8364,0,pull
84.47,14.53,2.95,17.23,0.3628,1,defensive
84.07,38.46,3.61,39.67,0.6729,1,cover_drive
94.04,18.49,3.762,21.77,0.8539,1,cover_drive
90.38,77.78,6.829,-15.54,0.7057,0,pull
97.4,69.85,7.359,-10.13,0.6881,0,pull
96.04,51.49,5.006,3.76,0.4802,0,defensive
107.74,29.72,3.408,53.59,0.7582,1,cover_drive
81.57,55.27,6.032,79.38,0.6082,0,cut
110.65,38.29,3.748,8.03,0.9173,1,straight_drive
82.32,26.7,4.883,14.88,0.7228,0,defensive
71.33,72.56,4.09,8.49,0.3449,1,defensive
104.9,38.27,3.299,24.19,0.8248,1,cover_drive
107.14,33.77,3.139,55.38,0.7229,1,cover_drive
97.98,81.5,5.068,-10.9,0.7082,1,pull
110.73,50.64,2.586,66.12,0.8274,1,cover_drive
121.58,69.23,6.942,12.65,0.7275,0,pull
101.63,33.02,3.151,36.32,0.7567,1,cover_drive
88.37,66.82,6.625,89.58,0.8378,1,cut
96.84,66.91,5.978,36.81,0.8019,0,cut
83.7,31.12,3.741,-39.56,0.7027,1,defensive
106.98,71.29,5.588,-7.57,0.5837,0,pull
100.41,48.45,3.654,57.64,0.7135,1,cover_drive
97.14,31.97,3.595,-10.08,0.7633,1,straight_drive
96.31,46.0,2.272,60.46,0.9471,1,cover_drive
74.2,32.25,3.453,23.54,0.4988,1,defensive
89.95,53.6,3.884,-29.37,0.4465,1,flick
130.12,52.82,5.654,93.28,0.9319,1,cut
69.55,51.01,4.22,-11.8,0.6092,1,defensive
68.49,33.18,5.609,-33.2,0.6144,0,defensive
94.0,62.33,5.6,77.08,0.6905,1,cut
77.43,26.77,3.319,49.81,0.7294,1,cover_drive
68.23,48.89,3.405,-31.63,0.7734,1,flick
104.02,71.05,6.126,-0.2,0.5512,0,pull
78.45,27.39,2.7,27.75,0.8785,1,defensive
101.17,70.87,6.073,-3.64,0.82,0,pull
109.47,67.65,5.976,54.26,0.8312,1,cut
75.56,51.63,3.591,-5.31,0.5768,1,straight_drive
82.06,35.19,2.31,-5.23,0.8274,1,straight_drive
98.38,48.54,6.512,-24.81,0.7531,0,pull
101.03,83.37,5.568,57.2,0.7281,0,cut
85.79,18.36,3.25,37.47,0.6582,1,cover_drive
85.88,12.51,3.137,15.6,0.815,0,straight_drive
87.84,60.9,6.435,-52.04,0.6802,0,pull
80.87,77.68,7.629,-74.68,0.9956,0,pull
82.34,57.42,4.217,4.16,0.8289,0,flick
96.04,30.96,4.053,-47.41,0.5332,0,flick
95.79,35.55,3.37,32.92,0.7767,1,straight_drive
102.8,45.4,3.005,-15.64,0.9259,0,flick
92.95,45.64,2.51,38.37,0.7324,1,cover_drive
118.63,62.89,5.889,77.63,0.9645,0,cut
96.2,56.94,6.351,54.85,0.9589,0,cut
105.26,36.75,2.98,66.01,0.6237,1,cover_drive
111.04,32.77,3.53,61.11,0.6562,0,cover_drive
109.63,36.36,2.416,-7.69,0.8656,1,straight_drive
82.67,67.09,6.212,24.09,0.7224,0,cut
100.05,76.16,7.184,-3.08,0.4973,0,pull
77.32,31.33,4.879,7.71,0.7596,0,flick
91.28,61.6,5.551,79.78,0.6107,1,cut
101.53,54.67,5.366,-5.41,0.5781,0,pull
85.29,41.43,5.802,45.62,0.4958,0,cut
121.49,95.67,6.917,-38.51,0.584,0,pull
83.55,89.38,7.49,77.07,0.8742,1,cut
81.15,50.77,2.991,19.39,0.6953,1,straight_drive
94.39,67.27,6.346,2.52,0.9382,1,pull
90.2,41.36,3.069,62.82,0.7845,1,straight_drive
90.13,22.35,7.148,-26.6,0.6143,0,pull
98.85,62.58,3.837,-49.85,0.4193,1,flick
65.64,49.4,4.212,26.44,0.3904,0,defensive
96.73,39.55,2.451,65.17,0.5827,1,cover_drive
65.27,21.98,2.817,-25.38,0.3626,1,defensive
78.37,46.32,3.574,-63.22,0.622,1,flick
97.19,34.66,3.143,95.41,0.789,1,cover_drive
96.83,67.26,6.114,85.11,0.6501,0,cut
45.74,43.86,4.327,2.75,0.3344,1,defensive
71.25,45.73,3.497,-22.19,0.8698,0,straight_drive
97.89,83.42,6.506,-18.14,0.552,0,pull
97.33,45.95,2.531,1.76,0.6814,0,straight_drive
98.37,59.03,4.604,-32.95,0.9144,1,flick
109.52,54.32,2.516,11.46,0.7341,1,straight_drive
95.04,58.3,3.677,-40.44,0.6841,1,flick
83.3,67.33,5.841,69.19,0.6176,0,cut
102.07,77.53,6.214,-18.53,0.5716,0,pull
77.99,50.95,4.376,2.63,0.5779,1,defensive
99.54,30.66,3.323,56.89,0.7181,1,cover_drive
47.13,20.27,2.126,32.86,0.5399,1,defensive
87.56,39.75,2.798,-8.98,0.6922,1,straight_drive
94.86,37.48,2.774,43.52,0.8676,1,straight_drive
92.71,13.27,2.776,26.68,0.748,1,straight_drive
73.4,55.85,2.055,-6.21,0.6908,1,straight_drive
100.02,84.94,5.781,63.49,0.7915,1,cut
108.01,90.28,5.768,-10.67,0.7765,0,pull
94.97,35.76,3.545,-41.3,0.7277,1,flick
58.52,45.87,5.668,42.91,0.5476,1,cut
58.16,30.73,6.085,61.89,0.8718,1,defensive
74.41,47.38,3.257,-41.15,0.8133,1,flick
82.58,35.07,3.936,19.58,0.7971,0,straight_drive
69.72,56.84,5.793,-28.33,0.4244,1,defensive
91.58,76.79,4.69,13.39,1.0,0,pull
69.02,17.96,4.038,-16.91,0.7769,1,defensive
105.79,54.04,6.759,-34.84,0.5721,1,pull
67.15,55.49,2.941,27.17,0.6003,1,straight_drive
89.95,27.62,3.737,11.53,0.7495,1,straight_drive
102.55,35.24,3.384,15.24,0.7242,1,straight_drive
86.73,38.0,6.353,42.26,0.8249,1,cut
102.24,55.78,4.356,70.48,1.0,0,cut
68.34,31.85,2.212,-87.67,0.5265,1,defensive
65.95,28.36,5.093,-64.77,0.6861,1,flick
103.47,18.48,3.438,59.87,0.8013,1,cover_drive
88.26,44.35,4.26,3.34,0.4124,1,defensive
101.77,65.73,5.182,100.83,0.5908,0,cut
100.81,91.1,6.415,14.07,0.6092,0,pull
91.22,53.93,4.871,36.96,0.8561,1,defensive
91.49,28.02,2.396,83.54,0.8187,1,cover_drive
86.19,76.43,7.309,-17.15,0.8923,0,pull
102.13,58.87,6.857,-3.03,0.7212,1,pull
86.39,52.54,2.296,38.66,0.6416,0,defensive
100.83,10.98,2.253,42.31,0.7171,1,cover_drive
101.01,41.37,2.696,-55.25,0.8248,0,flick
91.2,35.02,3.324,49.37,0.8104,1,cover_drive
87.56,19.13,3.257,56.29,0.6611,1,cover_drive
53.77,35.9,3.313,22.88,0.2473,1,defensive
114.24,58.64,3.462,-38.97,0.6172,0,flick
86.51,54.78,4.403,89.75,0.7073,0,cut
89.32,14.92,5.53,5.31,0.7715,1,defensive
76.04,11.37,5.204,29.74,0.7845,1,defensive
94.05,42.97,4.139,-25.96,0.8927,1,flick
94.5,35.37,3.324,90.65,0.4255,0,cover_drive
97.09,35.14,2.615,16.36,0.896,1,straight_drive
85.49,40.82,5.013,87.74,0.7934,0,cut
97.41,54.59,5.957,-18.65,0.9009,0,pull
93.45,36.32,2.668,58.51,0.8612,1,cover_drive
103.32,39.75,2.701,26.69,0.6244,1,straight_drive
88.46,30.5,3.9,87.85,0.8809,1,cover_drive
91.2,23.93,2.493,63.63,0.5806,0,defensive
117.48,76.66,6.447,13.21,0.7903,1,pull
83.73,56.69,5.59,-4.06,0.8773,0,pull
79.33,52.09,6.541,47.12,0.8374,0,cut
118.8,88.52,5.765,-3.07,0.9103,0,pull
57.15,46.59,5.697,13.0,0.6577,0,defensive
80.82,52.1,6.378,64.69,0.6794,0,cut
85.31,104.33,7.182,-25.73,0.3593,0,pull
98.45,13.82,2.969,116.77,0.6289,1,cover_drive
94.43,91.16,6.629,-37.24,0.6823,0,pull
93.5,40.85,4.583,5.34,0.7896,1,flick
75.56,30.79,5.226,6.87,0.4973,0,defensive
80.68,28.01,3.954,-10.73,1.0,0,flick
92.06,61.75,2.682,45.58,0.7766,1,cover_drive
101.44,28.31,2.919,51.48,0.6523,0,cover_drive
64.18,21.79,2.869,77.88,0.4728,1,defensive
79.34,62.24,5.632,71.56,0.7637,0,cut
89.99,88.33,6.105,8.26,0.7609,0,pull
90.55,52.95,7.121,-1.74,0.5392,1,pull
83.04,40.44,3.46,12.61,0.7642,1,straight_drive
78.31,32.59,3.454,13.25,0.8702,1,straight_drive
73.85,47.16,2.85,9.83,0.8712,1,straight_drive
78.23,52.3,3.924,-76.67,0.8878,1,flick
94.09,43.73,3.62,46.25,0.6778,1,straight_drive
110.35,44.85,3.582,-21.25,0.6262,1,flick
88.32,55.7,4.868,54.52,0.5936,1,cut
88.12,41.75,3.209,14.11,0.7082,0,cover_drive
113.7,40.81,3.58,-45.51,0.4517,0,flick
57.41,26.19,3.904,32.0,0.6126,1,defensive
84.08,74.28,5.749,47.95,0.6421,0,cut
89.77,50.9,4.584,76.28,0.9216,1,cover_drive
92.93,70.88,5.769,73.55,0.6551,1,cut
103.25,64.28,6.456,8.8,0.6778,0,pull
55.07,41.01,2.329,54.99,0.3152,0,defensive
94.05,65.26,6.496,-21.46,0.7321,0,pull
92.54,82.64,6.824,17.33,0.8134,0,pull
52.94,57.97,5.038,14.94,0.3019,0,defensive
108.48,69.07,5.829,34.21,0.6871,0,pull
95.16,63.82,4.238,-63.24,0.9131,0,flick
69.21,97.49,6.943,95.87,0.8671,0,cut
112.87,41.72,6.12,78.48,0.5578,0,cut
74.98,61.53,5.306,54.41,0.7014,0,cut
99.43,26.25,2.912,33.16,0.5382,1,cover_drive
81.44,44.02,6.168,79.51,0.8019,0,cut
77.73,36.33,3.767,25.73,0.6417,1,defensive
87.77,57.25,6.27,-11.71,0.6078,0,pull
77.43,34.21,3.907,14.81,0.5518,1,defensive
84.96,61.7,3.561,17.93,0.9193,1,straight_drive
96.28,60.54,5.053,6.56,0.5628,0,pull
91.72,23.53,2.972,57.3,0.6609,1,cover_drive
78.11,53.88,5.978,3.87,1.0,1,pull
96.44,48.96,6.216,-8.48,0.3212,1,defensive
72.48,32.96,2.701,76.17,0.7736,1,cover_drive
93.49,58.69,2.915,11.82,0.9141,1,straight_drive
90.16,65.03,4.369,-63.83,0.7878,1,flick
86.41,30.74,3.579,-57.84,0.8937,1,flick
75.81,37.92,5.263,80.46,0.8307,0,cut
76.54,62.52,3.908,-64.6,0.923,1,flick
95.01,57.92,7.172,37.47,0.6928,0,cut
111.6,59.17,6.059,71.82,0.2357,0,cut
79.57,63.33,4.316,9.7,0.1223,1,defensive
101.43,49.25,3.345,62.86,0.9068,0,cover_drive
73.4,46.1,4.498,50.47,0.5223,1,defensive
83.14,45.3,2.819,45.72,0.6314,1,straight_drive
83.3,44.8,2.895,28.75,0.8107,1,straight_drive
64.13,53.78,3.312,22.58,0.7242,1,straight_drive
76.96,35.85,3.69,54.47,0.5865,0,defensive
81.0,45.56,6.994,76.32,0.8963,0,cut
103.09,66.25,5.687,129.8,0.9184,0,cut
88.84,39.27,4.74,20.5,0.5411,1,defensive
92.42,53.9,3.868,23.16,0.6428,1,straight_drive
67.1,68.77,2.374,-10.37,0.8439,1,straight_drive
103.58,33.23,2.516,100.46,0.5681,1,cover_drive
61.83,38.44,3.664,-20.09,0.4611,1,defensive
75.06,28.19,3.719,-42.81,0.8807,1,flick
100.48,32.55,3.18,72.18,0.5558,1,cover_drive
93.59,44.59,3.862,-38.27,0.9402,1,flick
81.77,35.07,2.674,16.72,0.7091,0,cover_drive
82.57,52.36,5.053,-20.21,0.685,1,defensive
94.52,64.69,6.121,77.66,0.7884,0,cut
124.14,42.4,3.2,53.24,0.8233,0,cover_drive
55.67,41.33,4.825,75.3,0.6505,0,defensive
99.6,64.06,6.303,-7.99,0.5388,0,pull
85.38,37.81,6.094,112.08,0.4332,0,cut
97.89,14.86,5.206,28.45,0.2397,1,defensive
105.29,48.13,3.107,11.36,0.5555,1,straight_drive
96.49,30.46,2.443,9.34,0.8598,1,straight_drive
73.93,40.63,3.029,-4.26,0.7822,1,straight_drive
93.1,57.89,3.826,-46.53,0.7508,1,flick
85.31,37.19,3.788,-36.12,0.8878,1,flick
74.27,27.06,4.369,23.0,0.744,1,cover_drive
99.59,35.13,4.519,-41.74,0.655,1,flick
99.78,76.25,6.368,14.77,0.6606,0,pull
67.8,57.85,2.975,13.45,0.4813,1,defensive
82.19,42.86,3.269,81.57,0.6232,1,cover_drive
90.91,77.65,6.508,53.85,0.626,0,cut
89.67,39.29,2.987,63.26,0.9108,1,cover_drive
93.69,35.73,3.308,49.11,0.7105,1,cover_drive
71.13,35.03,3.088,10.61,0.7833,1,straight_drive
87.24,56.95,3.777,-70.05,0.7223,1,flick
64.87,40.54,4.46,59.15,0.3746,1,defensive
86.08,88.0,7.33,16.71,0.4832,1,pull
90.34,26.52,2.783,-4.8,0.721,1,straight_drive
85.64,27.59,1.469,12.85,0.5217,1,straight_drive
123.15,100.2,6.239,63.18,0.5193,1,cut
93.22,24.31,3.303,8.66,0.6923,1,straight_drive
87.76,70.48,6.076,45.4,0.66,0,cut
73.76,40.46,3.249,22.1,0.5448,1,defensive
93.41,39.49,3.442,80.73,0.8379,1,cover_drive
107.75,51.0,3.19,26.41,0.5888,1,straight_drive
82.84,42.85,4.457,-57.95,0.6236,1,flick
114.78,81.96,6.423,-5.32,0.7363,0,pull
109.51,31.07,3.916,-19.74,0.7063,1,flick
99.81,36.43,4.055,38.33,1.0,1,cover_drive
86.54,29.73,3.297,94.02,0.8367,1,cover_drive
83.43,22.63,2.295,20.72,0.9624,1,straight_drive
96.39,78.48,7.276,-4.2,0.8123,0,pull
95.39,56.44,7.627,40.13,0.5822,0,pull
101.27,73.73,6.064,-1.98,0.8504,0,pull
103.57,28.2,3.31,-53.03,0.5366,0,flick
99.11,75.91,5.584,38.25,0.8289,1,cut
87.37,84.19,4.646,90.58,0.8255,0,cut
110.61,26.65,3.816,47.05,0.6271,1,cover_drive
89.71,15.89,3.274,67.95,0.5222,1,cover_drive
86.1,60.55,5.277,-20.05,0.5771,1,defensive
81.67,80.08,8.148,-4.29,0.5943,1,pull
91.16,61.2,6.305,27.38,0.7665,0,pull
86.58,4.84,3.656,-16.76,0.6546,1,flick
90.51,63.43,7.238,13.48,0.6209,0,pull
91.17,8.84,3.528,82.98,0.5652,1,cover_drive
99.81,30.08,5.42,17.58,0.3688,0,defensive
97.3,56.13,3.083,11.07,0.5563,1,defensive
96.35,22.89,3.868,17.13,0.7656,1,straight_drive
107.97,59.76,2.932,2.9,0.5411,1,straight_drive
70.55,63.16,4.879,66.21,0.4366,1,defensive
83.64,55.11,3.859,-49.83,0.9373,0,flick
69.94,37.46,3.973,4.56,0.5378,1,defensive
79.33,37.77,3.665,27.04,0.8037,1,defensive
86.68,34.24,3.927,-85.0,0.8284,0,flick
81.57,44.37,5.989,-28.97,0.5792,0,pull
121.77,66.43,6.843,-29.27,0.7888,0,pull
76.69,72.85,3.844,-69.83,1.0,0,flick
78.17,30.73,4.978,59.0,0.6635,0,defensive
67.85,33.02,2.852,40.77,0.8758,1,defensive
86.55,38.4,3.531,73.79,0.9159,1,cover_drive
97.57,87.86,7.334,89.0,0.6514,0,cut
69.75,55.75,4.503,36.19,0.4399,1,defensive
88.58,89.23,6.715,-8.38,0.7685,0,pull
60.28,54.08,5.319,33.39,0.5638,1,defensive
97.97,31.1,4.565,37.91,0.6992,0,defensive
97.58,65.82,6.892,10.0,0.6534,0,pull
100.33,75.34,6.242,-54.52,0.6943,1,pull
86.3,79.74,4.264,80.61,0.7165,1,cut
89.12,44.98,2.853,-33.93,0.9265,0,flick
102.07,98.47,4.907,99.65,0.6508,0,cut
114.1,83.01,6.152,59.96,0.8927,0,cut
87.58,53.56,3.983,-69.94,0.646,0,flick
100.68,43.43,4.286,-24.79,0.8213,1,flick
85.95,54.77,3.621,83.23,0.8131,1,cover_drive
74.76,58.53,3.227,-15.27,0.4107,1,defensive
107.92,77.45,5.205,70.29,0.4533,1,cut
74.71,32.85,4.187,42.31,0.4143,1,defensive
108.28,46.11,4.954,36.86,0.4956,1,defensive
84.32,13.57,4.806,-2.61,0.5591,1,defensive
93.2,30.63,2.502,47.69,0.5912,1,cover_drive
87.94,38.97,4.132,-5.7,0.553,0,defensive
69.38,55.95,2.874,-25.68,0.4607,1,flick
95.55,42.96,3.643,19.18,0.9379,1,straight_drive
96.91,72.9,7.598,34.23,0.8092,0,pull
87.69,51.1,4.431,14.98,0.628,1,defensive
63.98,53.27,5.047,-37.66,0.3446,0,defensive
98.73,18.76,2.765,19.04,0.6715,1,straight_drive
57.87,45.69,4.275,-50.57,0.7727,1,flick
93.57,60.53,5.008,19.0,0.5846,1,defensive
111.29,106.67,6.501,14.62,0.8786,0,pull
76.45,54.91,5.96,59.17,0.7377,0,cut
106.82,72.49,6.632,96.95,0.6499,0,cut
87.17,66.7,5.967,116.52,0.8206,0,cut
104.32,34.29,3.489,54.6,0.8263,1,cover_drive
65.94,41.4,3.843,-63.11,1.0,0,flick
106.52,48.85,3.194,38.77,0.8037,1,straight_drive
100.99,2.17,3.692,33.65,0.725,1,straight_drive
81.22,65.09,3.796,-14.63,0.5724,1,flick
81.16,35.75,3.716,-36.84,0.8079,1,flick
92.18,32.24,3.393,-38.7,0.7747,0,flick
114.99,44.69,3.523,-60.31,1.0,0,flick
86.95,55.89,2.77,30.73,0.7611,0,straight_drive
99.3,28.56,3.481,4.07,0.7697,1,straight_drive
95.43,115.94,4.85,-4.83,0.9008,0,pull
78.25,18.15,2.146,54.59,0.7607,1,cover_drive
78.22,55.53,6.006,-52.59,0.6508,0,pull
46.01,16.48,5.413,-30.94,0.5791,1,defensive
84.63,46.3,4.251,-12.64,0.851,1,flick
88.7,55.56,3.021,-5.01,0.8745,1,straight_drive
95.47,43.08,6.48,-27.63,0.7038,1,pull
90.83,88.42,6.387,-9.4,0.5719,0,pull
96.04,63.66,6.404,-1.64,0.9071,1,pull
85.14,108.32,6.596,4.61,0.5169,0,pull
98.27,35.94,5.372,0.2,0.3265,0,defensive
113.49,75.73,6.089,42.15,0.7088,0,pull
97.21,37.63,2.965,-8.2,0.8103,1,straight_drive
90.94,44.97,3.302,57.91,0.716,1,cover_drive
90.57,39.65,2.928,6.76,0.8108,1,straight_drive
94.51,36.33,3.253,8.51,0.7203,1,straight_drive
100.15,40.76,3.318,-77.79,0.8691,1,flick
72.7,29.35,3.18,-4.41,0.6996,1,straight_drive
112.32,28.48,3.309,47.71,0.5727,1,cover_drive
90.95,28.31,4.173,-3.29,0.7716,0,defensive
119.24,36.9,3.669,-78.91,0.8596,0,flick
90.47,77.83,5.956,-30.75,0.8359,1,pull
104.36,43.9,3.517,101.62,1.0,0,cover_drive
94.51,43.13,2.603,-2.23,0.7922,1,cover_drive
67.56,92.99,6.747,12.4,0.6962,0,pull
89.79,85.13,5.286,42.07,0.7857,0,cut
89.09,72.14,5.23,89.55,0.7661,0,cut
84.47,35.05,4.048,16.69,0.9498,1,cover_drive
92.64,52.02,5.482,64.66,0.8278,0,cut
85.92,58.14,3.485,-58.41,0.7104,1,flick
81.99,37.26,3.38,-1.29,0.8737,1,straight_drive
102.1,35.55,2.892,11.32,0.8253,0,straight_drive
87.55,80.21,6.303,71.05,0.7642,0,cut
96.76,36.01,3.871,-12.16,0.9183,0,flick
81.74,24.69,2.387,32.2,0.8759,1,cover_drive
87.48,64.44,5.683,104.64,0.9095,0,cut
93.33,11.03,2.854,25.04,0.7364,1,cover_drive
102.39,18.08,3.991,63.71,0.8295,1,cover_drive
92.92,118.13,6.731,-27.11,0.6008,0,pull
92.75,63.29,5.313,18.07,1.0,1,defensive
103.17,14.81,3.951,40.76,0.931,1,cover_drive
108.06,22.46,3.008,74.91,0.8036,1,cover_drive
58.05,35.7,4.69,-7.38,0.623,0,defensive
67.4,62.93,4.181,-90.97,0.6915,0,flick
104.08,60.35,4.588,-25.93,0.5381,0,flick
80.71,53.96,3.992,-12.97,0.5469,1,defensive
106.91,21.17,2.824,85.09,0.5277,1,cover_drive
90.96,44.14,6.162,83.83,0.7121,1,cut
76.35,60.34,4.958,-12.1,0.4374,0,defensive
93.69,24.97,3.328,39.9,0.8613,1,cover_drive
93.97,32.17,2.599,52.83,0.9927,1,cover_drive
82.48,20.94,2.605,-8.09,0.7218,1,straight_drive
101.37,46.52,3.502,53.08,0.6268,1,cover_drive
86.23,75.67,6.403,56.46,1.0,1,cut
81.32,39.92,3.116,29.41,0.6395,1,cover_drive
91.53,11.01,3.865,-80.35,0.7906,0,flick
90.52,63.7,6.562,103.67,0.8047,0,cut
86.62,72.64,3.633,-66.56,0.7701,1,flick
87.78,21.83,2.861,50.11,0.5523,1,cover_drive
102.98,57.12,4.669,-27.54,0.6866,0,flick
98.81,66.95,6.177,73.72,0.4599,0,cut
85.2,62.35,3.973,-61.91,0.674,1,flick
98.12,64.47,6.586,60.06,0.7423,0,cut
97.38,30.73,3.931,47.16,0.8674,1,cover_drive
83.53,50.64,3.895,-67.05,0.5842,1,flick
92.76,18.47,2.419,20.31,0.7246,1,cover_drive
108.63,26.3,3.664,62.39,0.6954,1,cover_drive
84.04,30.36,3.541,7.22,0.8323,1,straight_drive
95.02,79.39,6.672,21.85,0.7179,0,cut
76.86,45.11,3.54,-54.06,0.7311,1,flick
87.54,37.31,2.279,45.11,0.8712,1,cover_drive
61.27,48.28,4.338,12.23,0.8818,0,defensive
86.67,45.15,3.734,40.27,0.6233,1,cover_drive
81.48,34.73,4.133,25.65,0.6011,1,defensive
100.57,36.13,2.457,53.48,0.7004,1,cover_drive
87.5,60.4,5.082,1.93,0.4486,0,pull
93.72,37.41,3.696,27.44,0.7598,1,straight_drive
94.95,29.0,3.095,72.14,0.8066,1,cover_drive
90.85,82.11,6.014,3.95,0.5784,0,pull
103.21,35.32,3.029,46.82,0.6692,1,cover_drive
78.1,60.82,6.212,54.61,0.6294,1,cut
67.12,22.32,4.226,-11.18,0.7153,0,defensive
94.23,25.95,3.964,9.58,0.633,1,defensive
85.63,78.35,3.691,-42.47,0.6866,1,flick
93.79,70.0,7.202,30.07,0.5419,0,pull
82.96,42.16,4.204,9.83,0.5399,1,defensive
113.48,44.33,4.317,63.37,0.6151,1,cover_drive
92.78,37.84,3.452,55.82,0.6345,1,cover_drive
97.43,53.47,2.571,30.48,0.7501,1,straight_drive
104.14,19.5,4.09,-20.6,0.5037,0,defensive
103.13,54.55,6.922,29.49,0.6965,1,pull
80.65,63.19,4.032,-72.97,0.7073,0,flick
96.27,48.18,3.658,-71.29,0.7535,1,flick
103.28,47.23,3.216,25.75,0.9215,1,cover_drive
69.14,40.77,5.631,69.1,0.8429,0,cut
67.06,24.82,4.291,18.22,0.482,1,defensive
80.54,0.0,3.248,41.42,0.7455,1,cover_drive
102.79,15.92,2.416,48.26,0.9356,1,straight_drive
101.25,44.4,7.042,-20.36,0.78,0,pull
99.95,72.04,5.655,46.33,0.9833,0,cut
94.64,40.67,3.056,23.27,0.8105,1,straight_drive
104.35,53.7,6.913,-27.15,0.5844,0,pull
84.33,36.96,5.336,11.16,0.5218,1,defensive
77.56,47.14,4.599,-46.98,0.7489,0,flick
83.72,59.97,6.807,12.34,1.0,0,pull
79.65,66.04,6.409,5.42,0.544,1,pull
98.05,57.31,4.925,96.47,0.8615,0,cut
66.02,37.27,5.924,-5.41,0.2608,1,defensive
93.4,67.93,3.923,-67.05,0.3889,1,flick
91.67,51.04,3.681,5.87,0.7705,0,flick
99.74,34.79,3.434,25.5,0.9965,1,straight_drive
79.37,24.55,3.691,-35.83,0.2522,1,defensive
97.09,33.0,3.684,13.14,0.651,0,defensive
72.76,37.03,4.057,65.32,0.5095,1,defensive
73.71,75.15,6.806,83.44,0.8373,0,cut
103.28,89.57,7.447,5.67,0.8167,1,pull
95.25,44.74,3.117,-67.69,0.7779,0,flick
92.99,29.56,4.877,-12.62,0.7873,0,flick
90.9,49.06,6.091,64.28,0.8422,0,cut
82.53,34.88,3.85,19.64,0.3694,1,defensive
76.49,60.56,3.819,-31.98,0.8586,1,flick
92.4,36.25,2.569,35.36,0.781,1,straight_drive
93.49,49.11,2.898,60.55,0.7394,1,cover_drive
86.86,68.8,6.434,56.38,0.6812,0,cut
77.15,54.49,4.552,-50.53,0.7963,0,flick
103.72,61.75,6.886,-5.01,0.9213,0,pull
87.39,50.88,2.139,-12.05,0.6079,1,straight_drive
112.33,91.74,7.042,-23.45,1.0,0,pull
88.38,62.45,6.175,65.65,0.6125,0,cut
99.97,19.68,3.939,62.63,0.7452,1,cover_drive
78.94,69.79,4.099,-69.73,0.7475,0,flick
79.66,26.51,3.585,39.82,0.8278,0,straight_drive
80.55,65.47,4.32,7.84,0.7535,0,defensive
55.82,30.52,5.028,20.19,0.6259,1,defensive
72.4,9.21,3.095,38.57,0.5521,1,defensive
53.93,29.75,6.725,-36.79,0.6465,1,defensive
106.35,67.9,5.206,82.85,0.8638,0,cut
90.94,63.16,3.655,4.75,0.6207,0,flick
95.9,68.98,6.141,24.62,0.972,0,pull
85.81,44.03,3.923,-52.62,0.7689,1,flick
91.91,33.51,3.851,30.8,0.6339,1,cover_drive
85.17,84.86,7.115,19.65,0.5201,1,pull
101.52,0.35,3.701,-10.0,0.6103,1,defensive
56.43,56.29,4.879,53.97,0.5514,1,defensive
82.19,49.44,3.985,-2.56,0.7443,1,straight_drive
87.1,84.74,6.34,99.93,0.7285,0,cut
84.49,52.92,4.475,-47.55,0.746,0,flick
90.61,34.76,3.273,28.53,0.3226,1,defensive
97.0,40.16,3.89,-61.78,0.8282,1,flick
99.4,69.95,5.182,47.69,0.8683,0,cut
88.86,33.74,3.549,61.67,0.7531,1,cover_drive
96.36,62.83,3.757,-34.1,0.4577,1,flick
91.56,53.84,5.312,58.15,0.9971,0,cut
100.12,38.93,3.806,-49.6,0.5136,1,flick
112.96,28.02,2.393,13.93,0.9043,1,straight_drive
87.81,33.86,4.754,-46.09,0.527,1,flick
82.9,66.69,5.813,65.4,0.9237,1,cut
88.39,37.56,2.801,11.9,0.7199,1,straight_drive
108.76,45.27,6.35,-20.29,0.5236,0,pull
94.21,36.24,2.496,19.44,0.9461,1,straight_drive
79.52,27.87,3.693,-15.34,0.8563,1,straight_drive
97.34,53.38,2.533,48.21,0.5173,1,cover_drive
107.86,61.54,3.28,23.49,0.8199,1,straight_drive
78.31,72.31,6.118,41.39,0.6285,0,pull
112.04,82.4,7.315,3.61,0.6796,0,pull
86.93,60.69,2.517,33.65,0.8278,1,straight_drive
86.14,66.7,6.215,61.6,0.7534,0,cut
103.56,55.17,5.596,-8.77,0.6078,1,defensive
87.49,14.64,4.788,-37.23,0.4302,1,defensive
93.32,89.89,6.433,49.59,0.7746,0,cut
106.07,59.7,1.918,30.23,0.6558,1,straight_drive
90.53,68.69,5.642,47.69,0.6925,0,cut
88.01,64.49,2.974,64.87,0.5419,1,cover_drive
84.41,74.7,6.437,62.44,0.7626,0,cut
94.63,92.6,6.266,80.1,0.9278,0,cut
91.56,66.6,7.317,-38.83,0.5593,0,pull
74.95,78.67,5.616,65.42,1.0,0,cut
94.28,8.0,2.945,27.82,0.8173,1,straight_drive
98.47,49.89,2.299,40.51,0.7779,1,straight_drive
80.85,18.93,3.567,-58.99,0.6129,1,flick
101.88,68.57,6.595,94.61,0.7376,0,cut
80.67,76.55,6.451,4.8,0.7764,0,pull
93.92,51.3,6.899,-21.92,0.5223,0,pull
98.13,38.24,2.713,0.47,0.6468,0,straight_drive
80.23,32.38,3.299,63.45,0.5277,1,cover_drive
72.45,42.96,3.697,-5.44,0.7917,0,flick
114.51,19.08,3.478,12.44,0.9637,1,cover_drive
88.63,34.33,3.04,15.92,0.9013,1,straight_drive
85.62,68.15,4.917,-20.6,0.6291,1,defensive
110.23,63.37,4.571,-36.03,0.6323,0,pull
99.68,26.51,2.931,55.22,0.7578,1,cover_drive
94.61,67.86,5.272,111.9,0.7543,1,cut
98.28,26.51,3.773,7.44,0.775,0,straight_drive
113.37,33.19,1.676,70.0,0.7426,1,cover_drive
70.57,48.31,3.606,15.37,0.3518,0,defensive
93.47,58.21,3.303,39.33,0.6661,1,cover_drive
81.15,22.08,4.579,-11.88,0.7848,1,defensive
119.52,30.67,2.917,14.18,0.7283,1,straight_drive
95.22,42.23,4.001,-57.53,0.8266,0,flick
78.24,55.91,6.318,87.26,0.5181,0,cut
89.67,62.79,7.707,-10.74,0.654,0,pull
89.97,32.86,2.955,10.85,0.9194,0,flick
63.72,46.69,4.993,0.93,0.5141,1,defensive
81.4,45.47,3.265,1.09,0.644,1,defensive
62.09,32.1,4.624,8.84,0.658,0,defensive
107.49,78.59,7.09,10.81,0.7972,0,pull
105.85,37.75,3.539,53.82,0.8525,0,cover_drive
84.03,37.86,2.931,32.46,0.5415,1,straight_drive
75.39,21.82,3.14,-35.57,0.9138,1,flick
84.71,80.93,5.44,51.08,0.6524,0,cut
75.42,13.5,5.221,4.23,0.3213,1,defensive
95.96,55.93,3.691,-61.06,0.6736,1,flick
67.87,38.06,2.739,22.9,0.4251,1,defensive
119.2,25.43,3.368,49.59,0.7855,1,cover_drive
106.68,68.86,6.3,-49.42,0.5163,0,pull
117.09,68.68,7.12,2.2,0.6107,0,pull
94.36,42.51,3.742,-61.07,0.7442,1,flick
93.06,39.74,3.278,34.13,0.6877,1,straight_drive
95.63,31.77,2.885,-2.16,0.739,1,straight_drive
100.44,37.61,3.624,-22.48,1.0,1,flick
99.04,44.73,5.263,55.94,0.7444,0,cut
78.72,41.51,3.628,-37.99,0.9557,1,flick
68.78,61.07,4.312,45.88,0.1442,1,defensive
76.69,42.94,2.343,0.21,0.8401,0,cover_drive
90.88,40.95,4.02,-17.54,0.6659,1,flick
98.37,69.13,6.365,-16.04,0.7952,0,pull
120.6,97.62,6.796,-35.11,0.8118,0,pull
89.94,65.14,2.015,-60.7,0.6455,1,flick
115.76,69.82,6.277,-13.91,0.8753,0,pull
93.97,70.84,7.337,-35.61,0.7421,0,pull
102.05,65.1,6.621,-37.87,0.7086,0,pull
69.03,77.68,5.834,87.53,0.7352,0,cut
91.36,43.81,6.485,-10.73,0.5537,0,pull
96.57,42.35,2.882,2.6,0.7464,1,straight_drive
98.07,52.91,3.566,11.15,0.8667,1,straight_drive
90.28,65.96,3.037,-27.14,0.6092,1,flick
91.01,30.07,6.541,59.24,0.6447,0,defensive
81.21,90.16,5.904,99.26,0.7244,1,cut
96.3,45.45,2.76,51.4,0.7162,1,cover_drive
104.47,53.09,7.268,-11.12,0.4767,0,pull
116.29,36.79,5.284,-39.38,0.4892,0,flick
82.17,27.88,3.338,51.94,1.0,1,cover_drive
96.72,17.51,3.34,62.45,0.843,1,cover_drive
88.95,35.91,3.842,-51.26,0.7092,0,flick
58.15,54.4,4.833,-28.37,0.3875,1,defensive
98.91,47.97,3.398,38.51,0.7848,1,straight_drive
62.71,23.14,1.906,-6.51,0.6013,1,defensive
89.62,57.03,6.526,65.37,0.7264,0,cut
75.68,43.64,3.394,-5.96,0.3223,1,defensive
78.06,27.49,4.868,28.87,0.3251,1,defensive
110.11,23.18,2.935,74.41,0.7511,1,cover_drive
81.56,55.72,3.127,-42.3,0.7252,1,flick
91.31,83.5,7.175,5.77,0.4611,0,pull
101.5,22.79,3.509,-52.94,0.5989,1,flick
97.69,62.6,3.423,59.85,0.6745,0,cover_drive
105.46,37.09,3.12,41.49,0.6974,1,straight_drive
94.48,81.73,6.807,21.4,0.8259,0,pull
105.82,25.34,4.779,10.65,0.5858,1,defensive
71.15,62.43,6.925,77.9,0.7339,0,cut
82.22,63.54,2.815,-51.19,0.6627,1,flick
63.82,35.14,3.745,-2.11,0.4393,1,defensive
38.12,28.72,6.618,-12.3,0.4001,1,defensive
106.36,29.53,2.982,87.89,0.7574,1,cover_drive
103.98,19.5,3.139,30.49,0.761,1,cover_drive
77.87,71.49,6.857,58.75,0.8983,0,cut
89.88,18.89,2.636,51.5,0.7864,1,cover_drive
117.19,39.24,6.708,22.29,0.6137,0,pull
106.11,12.98,3.713,30.48,0.6713,1,straight_drive
95.99,8.43,2.349,38.12,0.8829,1,cover_drive
112.25,12.73,3.815,12.81,0.6884,1,straight_drive
103.32,81.41,6.616,58.22,0.81,0,cut
84.07,79.59,5.7,72.47,0.7274,0,cut
93.3,94.23,5.602,-32.85,0.5847,0,pull
103.94,13.68,2.998,75.18,0.662,1,cover_drive
93.12,83.56,5.05,74.76,0.6017,0,cut
104.38,70.98,6.484,-11.34,0.8128,0,pull
92.13,48.59,3.427,28.96,0.9512,1,cover_drive
97.71,28.75,3.257,1.92,0.9404,1,straight_drive
79.4,49.3,3.24,-30.01,0.898,1,flick
69.84,46.04,4.232,18.06,0.4538,1,defensive
75.07,55.2,3.183,45.3,1.0,1,cover_drive
88.45,35.04,3.939,45.71,0.7283,1,cover_drive
78.14,34.71,3.505,37.2,0.6152,1,cover_drive
90.23,51.9,3.796,-22.65,0.6799,0,flick
101.1,64.1,3.627,-45.88,0.8586,1,flick
102.95,95.66,5.678,2.6,0.8635,0,pull
99.46,53.2,3.207,69.98,0.7452,1,cover_drive
92.54,36.23,3.766,-35.91,0.7242,1,flick
91.53,40.87,3.668,-27.42,0.7576,1,flick
92.57,66.4,6.563,101.58,1.0,0,cut
89.58,42.26,2.066,21.79,0.5398,1,straight_drive
58.09,52.23,3.975,6.75,0.3854,0,defensive
104.73,75.14,7.227,9.3,0.7741,0,pull
82.59,94.86,6.842,66.94,1.0,0,cut
83.67,42.6,3.103,18.49,0.8891,1,straight_drive
68.37,47.12,3.291,-45.79,0.6397,0,flick
74.85,57.49,6.692,-21.65,0.5606,1,pull
104.0,41.91,2.557,60.13,0.8271,1,cover_drive
92.84,64.39,6.613,73.94,0.6216,0,cut
82.62,66.75,3.473,29.7,0.5623,1,defensive
81.53,56.06,3.089,-15.79,0.8364,1,flick
91.87,41.79,3.272,28.59,0.8635,1,straight_drive
94.75,75.75,6.777,46.93,0.5551,0,pull
87.01,70.21,3.784,-31.8,0.7532,0,flick
76.62,8.22,4.817,17.6,0.4912,0,defensive
73.48,64.14,5.535,72.36,0.9051,0,cut
102.35,36.35,2.825,-14.04,0.736,1,straight_drive
79.61,50.2,5.466,-2.43,0.3394,1,defensive
73.51,34.27,3.349,-27.69,0.8806,0,flick
68.63,59.41,4.061,-9.84,0.6017,1,defensive
71.75,23.84,2.444,15.3,0.6165,0,straight_drive
99.83,35.01,2.529,-0.64,0.5351,1,straight_drive
102.31,17.99,3.683,93.49,0.7983,1,cover_drive
80.11,57.43,3.241,26.76,0.7833,1,straight_drive
87.44,73.11,6.637,36.16,0.5328,0,pull
65.57,30.59,5.456,32.2,0.611,1,defensive
85.93,56.39,4.963,37.32,0.7957,0,cut
108.3,88.35,6.317,-15.96,0.6327,0,pull
79.03,7.71,3.442,-42.95,0.8277,1,flick
94.33,28.79,2.273,31.53,0.5976,1,straight_drive
90.59,52.61,3.686,68.75,0.6588,1,cover_drive
100.46,56.67,2.547,28.43,0.6223,1,straight_drive
101.26,49.01,6.358,-34.12,0.3643,0,pull
81.34,63.0,2.896,37.62,0.7697,1,straight_drive
83.28,31.94,3.352,36.7,0.7297,0,cover_drive
96.64,36.38,3.056,60.41,0.6533,1,cover_drive
73.11,30.24,2.798,43.67,0.9908,1,straight_drive
77.81,83.43,5.887,65.07,0.7742,0,cut
84.72,58.91,2.726,5.27,0.6277,1,straight_drive
73.59,63.58,3.94,-28.81,0.9382,0,flick
95.37,47.16,5.709,-32.53,0.7338,0,defensive
84.08,48.68,4.776,12.07,0.7234,1,defensive
72.99,74.18,3.825,23.57,0.4253,1,defensive
82.04,0.0,5.36,-30.73,0.5083,1,defensive
105.48,24.22,2.709,-2.98,0.7084,1,straight_drive
92.15,56.89,7.471,-1.88,0.5104,0,pull
94.05,73.53,6.694,-12.56,0.5544,0,pull
89.13,51.19,3.336,4.94,0.6732,1,straight_drive
66.23,51.16,3.495,-25.34,0.8058,1,defensive
117.55,45.28,2.74,37.21,0.766,1,straight_drive
93.3,60.81,3.477,-34.94,0.9529,1,flick
116.04,38.02,5.404,6.82,0.5353,1,defensive
98.39,36.49,3.828,-41.79,0.7736,0,flick
96.94,27.25,4.362,-64.03,0.7202,0,flick
74.45,41.19,2.575,-12.41,0.6058,0,straight_drive
97.17,42.78,3.306,67.95,0.5291,1,cover_drive
83.43,43.13,5.598,-63.98,0.4852,0,pull
87.38,20.62,3.178,20.55,0.696,1,straight_drive
82.54,30.61,3.955,8.99,0.3613,1,defensive
64.76,46.94,4.814,-16.7,0.5545,0,defensive
72.63,78.22,3.816,-56.18,0.5555,1,flick
89.02,54.6,4.81,15.92,0.4652,1,defensive
97.17,39.42,2.481,-5.81,0.563,1,straight_drive
80.35,56.12,3.028,-66.15,0.5107,1,flick
88.91,35.28,3.86,-39.41,0.7685,1,flick
62.9,43.11,3.576,-25.59,0.3985,1,defensive
93.04,39.63,4.708,-21.01,0.5708,1,flick
82.22,44.07,3.639,86.32,0.8113,1,cover_drive
89.94,20.6,3.675,23.95,0.5876,1,straight_drive
55.7,40.91,3.823,1.9,0.3974,1,defensive
100.41,34.69,2.888,0.3,0.9863,1,straight_drive
72.99,23.68,6.674,10.12,0.3411,1,defensive
108.37,32.55,3.333,33.28,0.5455,1,cover_drive
94.79,39.68,5.918,31.2,0.9588,1,cut
88.24,104.23,6.409,40.7,0.7506,0,cut
98.14,29.91,3.805,56.73,0.6727,1,cover_drive
116.78,26.19,6.734,-36.49,0.7868,0,pull
75.99,32.91,3.669,-54.0,0.8042,1,flick
89.62,46.91,3.8,-24.42,0.8348,0,flick
111.8,47.33,3.702,20.61,0.8446,1,straight_drive
66.9,35.57,3.883,-34.91,0.7298,0,flick
100.87,53.87,5.909,7.75,0.921,0,pull
86.42,55.98,3.563,-36.52,0.7233,0,flick
97.35,38.48,2.208,70.59,0.5136,1,cover_drive
86.56,63.27,6.447,32.69,0.6553,0,cut
82.74,47.83,5.973,46.12,0.6949,0,cut
108.36,29.97,3.446,29.82,0.6929,1,cover_drive
107.47,31.88,4.316,-59.11,0.6572,1,flick
59.78,45.54,4.864,15.58,0.8297,0,defensive
115.25,41.44,3.348,35.74,0.7826,1,straight_drive
104.15,43.53,2.337,71.1,0.8142,1,straight_drive
98.87,90.7,5.537,0.01,0.9429,0,pull
79.44,49.95,3.361,-39.38,1.0,1,flick
104.65,61.28,5.848,-14.79,0.8061,0,pull
97.44,50.27,3.143,70.48,0.6493,0,cover_drive
98.6,57.8,5.545,14.72,0.4956,0,pull
100.41,51.94,3.686,-32.41,0.8914,1,flick
86.22,43.38,3.565,53.99,0.718,1,cover_drive
69.33,33.82,2.88,68.51,0.8257,0,cover_drive
91.85,37.47,3.095,-11.0,0.8591,1,straight_drive
97.8,28.79,3.957,-29.31,0.7459,0,flick
95.62,38.45,3.1,1.67,0.782,1,straight_drive
101.55,56.61,2.544,12.08,0.929,1,straight_drive
97.55,43.25,3.336,7.62,0.7957,1,straight_drive
91.24,41.75,5.143,-9.1,0.4396,1,defensive
86.45,35.18,2.64,15.64,0.7064,1,straight_drive
103.14,39.38,2.805,86.51,0.912,1,cover_drive
77.85,44.97,3.948,10.03,0.7271,1,defensive
96.04,63.04,3.56,-59.38,0.9132,0,flick
97.81,64.19,5.943,66.39,0.7878,0,cut
105.14,74.84,6.74,-35.97,0.5539,0,pull
106.86,71.5,7.316,-4.48,0.7044,1,pull
93.83,50.31,1.924,7.6,0.5986,1,straight_drive
81.25,37.16,2.691,22.66,1.0,1,cover_drive
91.95,64.76,3.986,-5.41,0.6258,1,straight_drive
66.99,63.34,3.949,-39.35,0.5358,1,flick
88.95,68.05,5.271,4.4,0.5039,0,defensive
78.93,37.16,3.445,-51.5,0.4416,0,flick
78.12,4.3,2.481,73.6,0.4945,1,defensive
80.43,49.94,3.724,62.78,0.5641,1,cover_drive
105.51,76.75,7.267,53.14,0.9003,0,cut
51.8,56.32,4.583,31.4,0.3943,1,defensive
102.47,62.39,4.524,-11.02,0.523,1,defensive
81.56,36.38,3.243,-47.84,0.7952,1,flick
88.17,52.82,7.16,-20.27,1.0,0,pull
90.98,45.65,3.065,-34.07,0.7716,1,flick
85.67,38.56,1.669,24.58,0.5317,1,straight_drive
102.04,27.27,2.704,10.92,0.9608,1,straight_drive
93.21,37.13,3.69,47.53,0.7856,1,cover_drive
96.6,39.07,2.995,29.72,0.7366,1,straight_drive
83.37,74.95,4.392,-63.02,0.7166,1,flick
77.28,57.8,3.539,31.43,0.4824,1,defensive
116.42,26.68,2.331,59.89,0.7536,1,cover_drive
109.61,33.25,3.354,53.75,0.8776,1,cover_drive
94.87,34.79,4.913,91.73,0.69,1,defensive
95.9,36.3,5.169,17.24,0.4699,1,defensive
105.53,86.86,6.169,64.95,0.5705,1,cut
75.8,32.78,3.549,53.51,0.7001,1,straight_drive
88.77,43.79,3.262,-53.02,0.6689,0,flick
89.66,53.44,3.06,46.97,0.8004,1,cover_drive
92.19,47.2,4.313,-70.2,0.6417,0,flick
93.8,61.98,3.555,22.45,0.818,1,straight_drive
81.76,63.56,2.581,25.44,0.6627,1,defensive
52.93,35.3,3.478,18.26,0.7551,1,defensive
65.56,48.54,5.502,-22.36,0.9373,1,defensive
73.81,40.27,5.736,17.96,0.5788,0,defensive
106.42,20.48,3.341,-39.35,0.6351,1,flick
64.84,0.0,3.387,52.34,0.6445,1,defensive
109.8,48.85,3.261,3.91,0.5802,1,straight_drive
104.21,37.28,3.125,27.33,0.7998,1,straight_drive
100.61,75.06,5.89,77.93,0.7613,0,cut
102.46,94.53,7.077,-14.8,0.9457,0,pull
86.45,50.29,7.382,-26.64,0.9144,0,pull
99.35,40.13,3.226,69.79,0.9721,1,cover_drive
101.62,74.37,6.528,-18.55,0.6685,0,pull
106.06,31.71,3.316,57.82,0.8288,1,cover_drive
102.54,32.8,2.327,25.65,0.8625,1,straight_drive
98.14,71.9,6.344,-2.98,0.5574,1,pull
93.09,36.33,2.52,34.38,0.9799,1,cover_drive
85.6,57.35,4.922,132.29,0.8195,0,cut
82.07,42.97,1.938,46.64,0.8094,1,straight_drive
74.27,44.66,4.061,-64.52,0.8185,0,flick
89.21,58.21,4.277,-67.22,0.7818,1,flick
86.3,52.37,4.324,-41.37,0.7403,0,flick
75.93,75.2,3.408,-54.53,0.6954,1,flick
89.6,41.55,3.913,-67.71,0.7031,0,flick
91.97,30.6,3.487,45.41,0.3156,1,defensive
96.73,47.38,1.822,36.09,0.7377,1,straight_drive
105.17,49.48,3.936,-76.5,0.7271,1,flick
96.17,33.76,3.52,48.76,0.7771,1,cover_drive
87.77,34.3,2.772,-34.59,0.6827,1,flick
93.31,31.29,2.385,23.73,0.456,1,straight_drive
68.27,33.68,4.679,54.44,0.4259,0,defensive
91.24,51.76,3.508,32.01,0.9434,1,straight_drive
78.39,48.12,3.746,-54.37,0.6732,1,flick
82.56,66.43,5.578,-52.4,0.7131,0,pull
102.49,13.31,3.394,93.89,0.9059,0,cover_drive
56.2,35.0,4.584,26.24,0.5948,0,defensive
86.04,19.94,2.967,17.08,0.6906,1,straight_drive
89.58,46.98,2.684,-10.44,0.8225,1,straight_drive
84.16,48.01,3.208,74.52,0.7742,1,cover_drive
82.68,37.05,3.285,5.26,0.7069,1,straight_drive
81.51,55.02,2.961,-52.78,0.6519,1,flick
97.21,90.9,7.347,-1.31,0.7516,1,pull
101.36,75.08,7.523,-14.97,0.7862,0,pull
94.07,37.84,3.667,-78.97,0.6733,1,flick
99.35,27.85,3.172,70.0,0.9661,1,cover_drive
54.27,45.19,5.623,3.56,0.2221,1,defensive
81.53,32.05,4.187,-50.99,0.5508,0,flick
92.54,40.04,3.15,-0.65,0.8857,1,straight_drive
92.66,53.49,6.421,96.6,0.5902,0,cut
77.69,41.76,3.383,59.78,0.5859,1,cover_drive
108.37,62.14,6.87,23.9,0.5915,0,pull
101.5,32.76,2.991,-52.87,0.7302,1,flick
82.37,53.85,4.671,-22.44,0.8217,1,flick
84.91,67.44,6.968,63.53,0.6812,0,cut
91.23,15.54,2.731,-4.67,0.899,1,straight_drive
81.29,34.98,4.395,-62.48,0.698,1,flick
87.33,51.23,3.547,-61.11,0.6828,0,flick
89.39,61.93,3.999,-69.9,0.7206,0,flick
92.85,60.95,7.217,98.33,0.8681,1,cut
86.39,55.27,3.011,22.67,0.6204,1,straight_drive
87.02,73.46,5.808,-44.15,0.5693,1,pull
89.06,39.03,3.605,17.86,0.6854,1,cover_drive
105.28,74.02,6.311,6.87,0.7337,0,pull
89.45,40.93,2.998,41.12,0.9175,1,cover_drive
79.67,39.52,3.382,17.29,0.636,1,straight_drive
100.98,41.62,3.894,-34.79,0.6201,0,flick
96.34,46.04,2.27,36.45,0.7107,1,straight_drive
87.06,67.65,5.475,5.11,0.9003,0,pull
92.25,25.0,3.764,83.7,0.6545,1,cover_drive
99.27,27.71,3.176,21.03,0.9424,0,straight_drive
87.18,42.41,3.44,50.87,0.6946,1,cover_drive
106.28,78.86,6.753,6.5,0.6809,1,pull
87.9,57.75,4.928,-9.71,0.5185,1,flick
88.94,43.46,4.788,-58.99,0.6015,1,flick
79.67,65.57,6.328,67.01,0.6349,0,cut
83.22,28.26,2.816,60.98,0.7918,1,cover_drive
71.6,31.99,3.903,-8.04,0.5282,1,defensive
107.52,26.42,3.526,68.8,0.7115,1,cover_drive
87.42,59.36,6.184,62.33,0.7255,1,cut
87.52,73.08,6.519,53.99,0.4989,0,pull
78.32,26.49,3.325,-77.09,0.6167,0,flick
81.25,37.89,3.384,-7.52,0.4818,1,defensive
77.85,50.89,6.773,69.52,0.6717,0,cut
97.64,40.4,3.308,43.47,0.644,1,cover_drive
73.8,45.55,4.52,-44.39,0.7841,1,flick
125.51,30.65,4.02,-29.68,0.6771,0,flick
84.17,48.29,6.859,-20.61,0.6478,0,pull
89.7,24.79,4.122,-58.32,0.7433,0,flick
100.34,23.06,2.838,-67.26,0.1757,1,flick
97.57,51.17,6.092,38.04,0.8605,0,cut
69.75,36.94,2.806,-30.82,0.4652,0,defensive
71.71,78.59,3.766,-9.1,0.6201,0,flick
102.78,35.3,2.767,73.18,0.7308,1,cover_drive
81.94,42.78,2.36,-26.54,0.2503,1,defensive
88.29,21.21,2.498,78.93,0.8181,1,cover_drive
90.6,45.87,6.471,12.71,0.9787,0,pull
82.2,80.78,6.531,40.03,0.7256,0,pull
78.53,62.52,4.614,72.46,0.8533,0,cut
68.72,65.68,4.009,36.9,0.5116,1,defensive
106.16,33.19,3.081,-10.13,0.8731,1,straight_drive
77.88,70.1,4.294,-81.03,0.8323,1,flick
83.92,40.22,4.498,-74.55,1.0,0,flick
86.43,88.94,5.509,76.96,0.4545,0,cut
79.79,29.79,4.389,-25.55,0.3374,0,defensive
80.43,67.88,7.138,75.87,0.616,1,cut
73.98,46.24,3.051,25.58,0.5908,1,defensive
94.43,44.27,6.943,85.06,0.6348,0,cut
92.9,69.12,2.722,-3.89,0.7987,1,straight_drive
75.09,45.52,4.606,79.98,0.9217,1,cover_drive
112.81,45.12,3.917,-54.92,0.6627,1,defensive
93.44,71.48,4.789,77.98,0.8906,0,cut
115.28,52.38,6.697,1.31,0.7207,0,pull
85.66,66.76,6.633,-12.13,0.7347,0,pull
72.45,73.17,5.879,-55.39,0.6873,0,pull
48.99,33.19,3.946,-3.9,0.4847,1,defensive
71.66,68.09,7.36,-2.4,0.7641,0,pull
72.26,21.62,5.513,88.28,0.1188,0,defensive
99.42,61.79,6.514,49.19,0.5943,0,cut
97.97,64.31,3.723,-32.86,0.9796,1,flick
104.18,48.37,3.174,18.77,0.6248,1,straight_drive
86.12,52.93,3.662,-51.44,0.7959,1,flick
68.38,32.62,4.472,-14.32,0.8093,0,defensive
78.77,27.72,3.924,-27.32,0.9245,1,defensive
110.68,123.2,7.316,-6.72,0.6601,0,pull
73.39,31.77,4.151,-12.78,0.6104,0,defensive
77.94,20.82,3.183,42.61,0.8574,1,cover_drive
75.84,34.04,5.146,64.46,0.7416,0,cut
100.92,89.47,7.465,-1.11,0.7312,0,pull
123.37,79.36,5.823,-6.76,0.5829,0,pull
54.26,23.33,4.771,0.5,0.5617,1,defensive
98.11,81.29,7.438,18.63,0.6768,0,pull
94.94,57.36,3.103,34.35,0.8566,1,straight_drive
84.68,52.73,3.317,48.68,0.6232,1,cover_drive
99.93,41.19,3.942,-60.25,0.8268,0,flick
83.9,38.79,3.607,1.64,0.8311,1,straight_drive
103.11,43.13,4.18,-12.48,0.5911,1,flick
83.61,57.55,6.995,-8.95,0.8201,0,pull
88.01,46.13,3.853,-73.54,0.9297,1,flick
71.55,50.13,3.66,15.64,0.7062,1,straight_drive
94.61,32.46,3.932,-37.7,0.5757,1,flick
82.13,52.22,1.741,45.6,0.9965,1,cover_drive
100.84,37.48,3.266,-1.81,0.7203,1,straight_drive
90.55,76.19,5.717,105.04,0.8624,0,cut
96.55,48.56,2.525,71.51,0.5833,1,cover_drive
99.47,62.35,3.951,-32.4,0.787,1,flick
98.76,43.57,2.621,4.59,0.7627,1,straight_drive
100.86,24.65,3.185,36.17,0.6907,1,cover_drive
100.45,91.61,8.058,-11.07,0.4983,0,pull
101.8,65.99,6.093,-10.39,0.7993,0,pull
100.73,84.82,6.08,-13.12,0.8054,0,pull
86.11,71.61,6.338,-31.32,0.3754,0,pull
112.31,49.78,6.151,32.7,0.9356,0,pull
106.62,44.73,6.181,-15.72,0.549,1,pull
99.02,64.37,6.373,19.71,0.585,0,pull
76.9,61.66,4.44,-57.9,0.2378,1,flick
66.58,33.84,2.952,38.21,0.3451,0,defensive
89.78,85.94,6.821,9.56,0.6638,1,pull
97.17,30.06,3.88,-11.57,0.7667,1,straight_drive
102.38,33.95,3.236,37.05,0.981,1,cover_drive
87.35,70.98,6.544,40.5,0.7693,1,pull
94.03,18.73,2.563,46.45,0.8444,1,cover_drive
89.4,40.27,3.441,102.2,0.7603,1,cover_drive
92.45,57.17,4.095,-32.5,0.7757,0,flick
77.39,49.41,3.402,-25.74,0.3815,0,defensive
70.43,47.41,4.165,-38.53,0.4022,1,flick
79.02,46.79,3.886,17.85,0.7944,1,straight_drive
106.95,76.35,6.364,6.91,0.6848,0,pull
93.34,48.77,2.707,11.03,0.7168,1,straight_drive
81.57,43.87,4.644,-65.12,0.7466,1,flick
98.11,79.07,5.584,72.44,0.7252,0,cut
105.21,37.3,2.788,9.47,0.7459,1,straight_drive
115.11,64.94,6.667,17.62,0.6229,1,pull
85.89,71.6,3.848,2.63,0.9024,1,straight_drive
95.15,33.04,2.17,-39.29,0.4679,1,straight_drive
86.37,31.92,3.483,25.63,0.9039,1,cover_drive
114.97,37.68,3.439,66.77,0.5929,1,cover_drive
98.28,51.58,3.156,74.4,0.5951,1,cover_drive
99.59,23.94,3.343,38.03,0.6411,1,straight_drive
78.66,46.45,2.972,-12.53,0.9133,1,straight_drive
78.98,13.27,3.583,54.96,0.8046,1,cover_drive
84.93,58.49,3.244,50.57,0.9031,1,straight_drive
61.08,43.98,2.564,24.0,0.7399,1,defensive
73.27,45.14,3.487,60.93,0.5744,1,defensive
101.35,40.43,4.111,87.24,0.8481,1,cover_drive
98.79,13.96,3.618,-25.22,0.9421,1,flick
83.88,51.79,3.735,-48.66,0.8632,0,flick
120.09,72.29,6.675,-15.19,0.6801,0,pull
111.45,26.52,4.394,-10.93,0.6134,1,flick
85.77,43.27,4.262,-41.81,0.8707,0,flick
69.6,53.37,3.092,20.38,0.5248,1,straight_drive
87.42,88.47,7.359,68.41,0.8262,0,cut
101.91,52.17,5.181,82.12,0.7284,0,cut
96.71,46.73,2.218,21.74,0.8192,1,straight_drive
103.36,98.04,5.288,50.02,1.0,0,cut
89.0,82.24,5.655,82.97,0.6919,0,cut
88.8,52.83,3.797,2.91,0.5971,0,defensive
108.99,65.27,5.947,24.33,0.6652,0,pull
93.08,24.86,3.336,4.66,0.7609,1,straight_drive
105.13,37.2,2.64,-8.62,0.8501,1,straight_drive
100.93,82.05,7.745,-31.75,0.5167,0,pull
91.29,61.65,3.99,-66.06,0.8689,0,flick
70.79,28.33,4.649,31.24,0.9165,0,defensive
103.91,64.62,6.226,67.5,0.8749,0,cut
103.4,40.89,2.527,21.64,0.8827,1,cover_drive
76.74,53.1,3.19,-4.6,0.3505,1,defensive
103.75,93.69,6.088,-19.79,0.873,1,pull
87.04,48.74,2.263,52.43,0.3068,0,defensive
86.34,30.1,2.73,62.18,0.8201,1,cover_drive
90.73,25.98,3.536,80.33,0.7655,1,cover_drive
104.96,20.36,2.849,46.17,0.792,1,cover_drive
97.02,40.04,2.969,18.13,0.8127,1,cover_drive
76.73,47.66,3.979,34.79,0.5645,1,defensive
97.49,25.88,2.786,76.47,0.8379,1,cover_drive
82.59,72.76,3.034,-43.86,0.7787,1,flick
84.97,67.38,3.447,-29.89,0.5591,1,flick
93.04,55.28,5.398,89.84,0.9879,0,cut
86.52,72.06,6.579,56.89,0.6852,1,cut
89.71,76.65,4.799,46.56,0.6815,0,cut
87.34,56.14,4.163,-52.26,0.766,0,flick
85.81,35.06,3.549,-81.55,0.8691,1,flick
96.79,51.45,3.708,59.23,0.6368,1,cover_drive
99.25,69.01,3.926,-54.14,0.686,1,flick
88.28,70.28,3.984,-43.14,0.7586,1,flick
75.55,87.23,4.623,68.16,0.9193,0,cut
90.0,47.94,3.23,6.4,0.7329,1,straight_drive
103.35,34.98,3.337,82.06,0.7622,1,cover_drive
88.52,84.33,5.871,-36.57,0.5094,1,pull
108.08,52.04,3.092,12.06,0.5598,0,straight_drive
93.05,22.2,3.481,28.34,0.8264,1,straight_drive
95.28,52.6,6.25,25.74,0.8501,0,cut
93.93,56.24,4.98,71.74,0.6793,0,cut
91.77,60.82,6.818,90.56,0.8392,0,cut
93.24,25.59,2.861,27.12,0.7158,1,straight_drive
90.42,72.21,6.187,62.2,0.6746,0,cut
106.35,84.68,6.109,67.94,0.8883,0,cut
91.48,65.92,5.777,38.01,0.5746,0,cut
97.53,16.21,4.475,-49.17,0.51,1,flick
98.62,27.8,3.395,52.36,0.7415,1,cover_drive
75.2,57.91,3.035,-61.81,0.7343,1,flick
92.77,31.32,3.812,47.95,0.5128,1,defensive
92.46,35.12,2.498,23.16,0.5604,1,straight_drive
88.11,55.88,5.897,19.11,0.854,0,cut
108.58,46.31,3.806,-43.73,0.8737,1,flick
76.24,48.77,5.288,12.07,0.8183,0,defensive
98.43,21.21,3.057,39.84,0.8454,1,straight_drive
110.77,75.78,5.358,56.48,0.8188,1,cut
107.11,41.99,2.55,-36.13,0.5205,1,flick
91.1,28.77,3.415,-16.38,0.434,1,straight_drive
86.14,28.71,3.575,27.82,0.696,1,straight_drive
108.94,51.79,6.68,79.06,0.5977,0,cut
104.19,76.37,7.613,-12.65,0.6811,0,pull
57.87,28.96,5.089,13.47,0.5072,0,defensive
98.1,64.68,6.299,20.35,0.7061,0,pull
87.28,54.15,5.626,38.02,0.5548,1,cut
113.21,5.59,3.316,91.84,0.7518,1,cover_drive
74.08,65.64,4.524,62.53,0.7599,0,cut
81.93,41.88,6.115,53.62,0.8571,0,cut
101.11,35.69,3.23,-30.1,0.6449,0,flick
96.78,75.55,7.279,-32.52,0.8314,0,pull
100.63,65.17,8.013,-14.17,0.6325,0,pull
105.43,31.47,3.009,14.3,0.8153,1,straight_drive
75.48,33.9,2.392,22.06,0.804,1,straight_drive
93.51,36.06,2.936,26.4,0.6797,1,straight_drive
74.96,46.39,3.543,34.92,0.4881,1,defensive
100.98,55.66,6.721,-26.53,0.6269,0,pull
123.66,63.06,6.008,85.07,0.615,1,cut
108.96,37.9,2.776,6.57,0.8983,1,straight_drive
96.38,18.43,2.354,4.87,0.8287,1,straight_drive
87.9,65.69,6.021,-32.93,0.842,0,pull
97.77,54.48,3.349,-49.54,0.5426,0,flick
99.12,57.45,5.133,36.39,0.6874,0,cut
114.16,48.18,2.91,-7.11,0.9043,1,straight_drive
77.26,71.03,5.644,105.27,0.587,0,cut
97.29,28.61,3.283,20.93,0.5381,0,defensive
95.92,26.3,2.885,29.54,0.7261,1,cover_drive
102.4,79.07,6.309,91.41,0.8207,1,cut
96.28,57.86,3.086,73.11,0.9525,1,cover_drive
102.33,44.89,2.847,34.54,0.8386,1,straight_drive
91.63,51.36,3.424,-24.51,0.6734,0,flick
99.28,39.48,2.676,80.3,0.6376,1,cover_drive
102.89,31.29,2.599,-12.75,0.9257,1,straight_drive
98.88,45.75,3.112,35.26,0.7705,1,cover_drive
96.98,43.65,4.145,-6.78,0.648,0,flick
82.07,46.58,4.941,12.02,0.3953,1,defensive
91.25,61.3,7.266,8.95,0.5787,0,pull
60.03,41.13,3.554,-55.64,0.712,1,flick
62.63,6.96,5.075,-18.78,0.5355,0,defensive
78.55,78.28,5.848,83.2,0.6746,0,cut
96.15,59.35,7.47,-27.56,0.6221,0,pull
76.26,50.96,4.206,-32.9,0.6683,1,flick
83.91,65.46,6.74,77.14,0.6488,0,cut
87.89,35.79,3.805,-24.65,0.9019,1,flick
51.25,67.7,5.06,4.17,0.4228,1,defensive
84.3,31.66,4.604,1.77,0.7172,1,defensive
116.31,92.6,6.471,-42.92,0.6631,1,pull
83.93,34.94,3.906,64.91,0.9373,1,cover_drive
120.88,37.74,2.697,5.41,0.512,1,straight_drive
75.44,47.58,2.395,51.76,0.323,1,defensive
92.37,48.26,3.746,33.5,0.7062,1,straight_drive
109.56,49.53,4.544,-32.22,0.7633,1,flick
105.3,40.39,3.188,24.35,0.5378,1,straight_drive
96.11,54.55,7.438,-26.12,0.6978,1,pull
90.36,89.86,6.991,-5.76,0.6884,0,pull
108.17,77.32,6.26,-0.5,0.6931,0,pull
83.32,59.57,3.393,-1.89,0.6742,0,defensive
94.79,83.68,6.819,-62.98,0.4601,0,pull
93.32,52.69,3.286,-70.18,0.7892,0,flick
94.36,34.72,3.068,13.84,0.6999,1,straight_drive
94.12,40.01,2.705,0.16,0.951,1,straight_drive
87.37,52.85,3.01,64.31,0.6805,1,cover_drive
73.82,74.65,4.7,-61.08,0.5619,1,flick
86.17,30.87,3.792,-41.78,0.6951,0,flick
80.75,37.74,3.075,22.71,0.659,1,defensive
107.26,45.47,3.097,-10.7,0.7212,1,straight_drive
107.71,65.02,6.325,-48.92,0.5809,0,pull
96.77,36.8,3.712,43.29,0.8197,1,cover_drive
84.94,44.59,3.24,-30.52,0.8627,1,flick
111.68,63.74,3.936,-55.68,0.8477,0,flick
86.0,42.82,2.797,37.86,0.5704,1,cover_drive
85.65,37.9,3.26,-5.77,0.9284,1,straight_drive
115.15,62.35,5.678,70.04,0.611,1,cut
102.31,51.16,4.634,-18.82,0.8149,1,flick
100.38,59.13,3.486,15.13,0.7494,1,straight_drive
73.01,23.69,3.907,-59.97,0.6782,1,flick
94.31,25.44,3.152,40.56,0.7227,1,cover_drive
62.7,15.6,5.536,27.59,0.4237,1,defensive
91.93,25.12,2.834,-21.57,0.832,1,straight_drive
91.24,35.1,2.604,72.44,0.8038,1,cover_drive
96.77,9.83,3.082,49.85,0.8929,1,cover_drive
111.14,59.96,4.189,-20.78,0.6567,0,flick
99.4,34.47,3.383,47.06,0.8622,1,cover_drive
112.54,59.96,7.518,-21.46,0.7691,0,pull
83.33,57.54,4.986,67.06,0.7436,1,cut
70.69,39.39,4.283,-66.66,0.8637,0,flick
97.06,79.41,6.265,29.18,0.4156,1,pull
83.25,0.0,3.575,-8.66,0.6725,1,defensive
98.59,62.65,6.647,57.41,0.728,0,cut
93.24,38.79,3.151,-36.51,0.7382,0,flick
67.76,56.56,5.171,-2.34,0.716,1,defensive
84.23,50.65,2.064,12.27,0.7376,1,straight_drive
80.15,40.57,4.252,-51.93,0.6515,0,flick
111.86,33.32,2.524,34.82,0.6381,1,straight_drive
84.65,13.63,3.063,75.34,0.7288,0,cover_drive
94.29,58.25,3.901,-22.06,0.4415,0,flick
110.33,47.16,5.985,-7.03,0.7983,0,pull
91.66,36.22,4.104,69.13,0.6721,1,cover_drive
71.43,66.74,4.642,-10.43,0.4655,1,defensive
85.58,35.57,3.516,21.21,0.8751,1,straight_drive
98.83,44.55,3.254,70.1,0.6041,1,cover_drive
90.39,74.92,5.261,39.18,0.743,0,cut
102.89,68.27,6.05,-9.22,0.4379,0,pull
97.89,49.03,4.189,-46.68,0.7558,1,flick
93.4,40.94,3.015,11.99,0.6416,0,straight_drive
76.91,43.4,3.746,-28.1,0.5363,0,flick
91.83,34.93,4.944,-12.73,0.682,1,defensive
100.87,38.94,3.77,108.44,0.784,1,cover_drive
99.93,49.36,4.247,-53.47,0.4744,0,flick
85.78,46.69,6.289,78.63,0.6505,0,cut
97.85,48.74,3.522,-54.96,0.8465,0,flick
78.04,67.45,3.417,-20.3,0.8515,0,flick
60.15,36.92,3.777,-7.15,0.7562,1,flick
69.41,65.16,7.436,-11.11,0.8362,0,pull
92.72,59.11,6.57,-47.3,0.5044,1,pull
71.66,35.82,2.742,10.3,0.858,1,cover_drive
96.99,48.0,4.247,-50.96,0.7797,0,flick
97.07,90.32,6.222,47.2,0.5463,0,cut
86.59,46.18,3.907,-52.56,0.8763,1,flick
64.4,39.66,2.963,-1.58,0.8271,1,flick
97.4,61.95,4.732,39.31,0.6239,0,cut
63.37,30.33,3.491,3.78,0.5191,1,defensive
95.85,39.02,4.251,35.75,0.6722,0,defensive
94.21,43.57,6.082,50.07,0.433,1,cut
78.61,62.17,5.997,44.8,0.7005,0,cut
68.39,55.28,3.19,-22.14,0.8086,1,defensive
82.47,83.52,6.611,65.49,0.7468,0,cut
90.66,43.09,6.816,90.85,0.88,0,cut
70.25,86.57,6.241,118.18,0.4874,0,cut
94.14,58.49,6.893,73.57,0.7442,0,cut
84.59,34.41,2.296,78.56,0.861,1,cover_drive
75.44,43.59,5.874,37.74,0.4485,1,defensive
76.92,77.09,4.838,-22.58,0.7066,1,flick
76.05,42.26,2.905,-0.29,0.8069,1,straight_drive
84.29,54.07,4.139,-46.69,0.6348,1,flick
77.01,91.94,7.267,-2.86,0.8396,0,pull
85.8,18.07,2.736,-4.12,0.8363,1,straight_drive
94.8,91.12,6.308,69.88,0.8162,0,cut
100.29,39.55,3.888,39.49,0.7384,1,straight_drive
66.45,69.92,6.363,102.2,0.6213,0,cut
82.24,27.23,4.379,-70.86,0.7637,1,flick
91.44,21.19,2.974,78.58,0.7159,1,cover_drive
58.53,63.92,4.381,24.8,0.2526,0,defensive
115.98,59.22,6.532,-0.83,0.6011,1,pull
98.56,52.72,2.833,10.29,0.5033,1,straight_drive
81.31,57.21,5.952,-9.31,0.6788,0,pull
120.48,57.33,6.34,-0.95,0.6832,0,pull
85.23,59.53,6.159,72.55,0.7342,0,cut
90.59,79.48,6.565,-39.0,0.5958,0,pull
62.97,59.56,3.956,5.32,0.2909,1,defensive
92.79,64.2,6.251,-22.41,0.5108,0,pull
65.47,20.56,3.55,58.57,0.4955,0,defensive
85.13,80.41,6.824,87.71,0.7712,0,cut
108.12,42.71,2.712,43.18,0.8091,1,straight_drive
69.34,18.51,4.092,-9.3,0.8225,1,defensive
98.05,25.97,3.341,75.17,0.7204,1,cover_drive
74.18,37.91,2.329,2.89,0.8114,1,straight_drive
47.99,54.15,5.107,25.5,0.4709,1,defensive
86.47,47.1,5.266,11.83,0.9251,1,cut
81.0,42.55,2.929,18.49,0.5794,1,straight_drive
75.05,52.94,3.636,30.96,0.2316,1,defensive
70.03,24.38,3.835,-20.54,0.8084,0,defensive
85.49,79.52,6.543,76.56,0.564,0,cut
83.82,25.54,3.024,-79.35,0.8494,1,flick
69.17,43.21,2.641,-34.56,0.8327,0,flick
102.6,28.41,3.045,37.74,1.0,1,cover_drive
75.64,39.7,4.071,11.54,0.89,1,defensive
97.18,47.32,3.001,41.6,0.702,1,straight_drive
87.89,53.46,6.456,-6.17,0.7861,0,pull
99.48,46.19,3.337,-77.65,0.6089,0,flick
97.73,41.44,3.254,22.87,0.6678,1,cover_drive
83.42,79.84,3.292,-74.63,0.9294,0,flick
96.64,72.19,5.653,-39.85,0.6703,1,pull
86.27,51.83,2.78,21.63,0.8517,1,straight_drive
60.93,74.25,6.291,24.22,0.7586,1,cut
90.98,28.92,3.15,77.71,0.7951,1,cover_drive
104.4,34.9,3.348,-7.57,0.8142,0,straight_drive
68.21,39.53,2.27,23.71,0.5325,0,defensive
100.75,50.31,3.473,-92.11,0.9594,1,flick
78.14,20.93,4.261,17.47,0.3334,1,defensive
108.1,18.46,2.639,77.82,0.8034,1,cover_drive
102.5,102.35,6.479,10.02,0.8668,0,pull
86.45,37.55,4.134,-14.9,0.6805,0,defensive
87.29,50.75,3.438,60.76,0.4966,1,defensive
98.77,45.37,6.73,50.76,0.7255,0,cut
104.78,54.61,4.564,-40.92,0.7024,1,flick
108.76,19.89,3.886,-35.98,0.7127,0,flick
98.28,95.26,7.566,24.22,0.7341,1,pull
115.84,50.64,3.854,-26.34,0.8866,1,flick
100.65,48.24,2.77,-68.3,0.7915,1,flick
101.59,55.27,3.274,20.42,0.5676,1,straight_drive
79.87,64.62,6.209,96.02,0.8261,0,cut
91.24,59.96,6.297,36.46,0.8757,0,pull
94.13,39.04,3.243,46.17,0.6041,1,cover_drive
112.84,55.37,2.856,22.06,0.9678,1,straight_drive
91.53,35.35,3.098,-3.74,0.837,1,straight_drive
87.57,78.84,6.068,77.73,0.8331,0,cut
82.63,27.19,4.479,12.49,0.3118,1,defensive
101.79,21.67,2.908,21.42,0.7412,1,cover_drive
58.65,47.12,4.341,-49.82,0.7911,1,flick
106.13,59.11,2.758,48.88,1.0,1,cover_drive
111.68,45.54,3.41,42.84,0.8936,1,cover_drive
62.96,67.09,6.244,124.43,0.7192,1,cut
70.63,45.81,1.365,4.7,0.5219,1,defensive
104.52,82.25,6.655,5.49,0.6554,1,pull
91.28,41.6,2.828,77.99,0.8731,1,cover_drive
107.76,40.47,3.236,39.07,0.9222,0,straight_drive
110.95,16.22,4.659,-39.05,0.5309,1,defensive
96.28,53.85,3.637,-45.2,0.7047,1,flick
85.58,84.27,5.915,98.16,0.7094,1,cut
77.47,49.55,3.29,32.29,0.6588,1,straight_drive
84.85,6.87,2.269,47.59,0.697,1,cover_drive
105.39,29.51,2.678,7.47,0.6932,1,straight_drive
90.77,32.96,2.612,22.84,0.9753,1,cover_drive
97.03,26.49,1.536,34.43,0.5583,0,defensive
82.41,84.53,6.781,-13.56,0.7146,0,pull
74.52,59.94,2.738,-22.84,0.7268,1,flick
110.62,74.49,4.306,-3.37,0.4034,1,pull
97.91,46.53,2.978,23.18,0.7515,1,straight_drive
104.65,69.02,6.327,-49.03,0.7107,0,pull
91.71,42.82,2.595,-45.81,0.6822,1,flick
83.8,21.24,3.108,85.2,0.7998,1,cover_drive
94.19,0.42,5.751,-6.84,0.7796,0,defensive
99.04,49.41,3.064,-75.67,0.5118,1,flick
83.16,34.92,3.631,-62.99,0.6573,1,flick
97.76,53.71,4.462,-77.7,0.7027,1,flick
106.48,22.0,3.402,-35.92,0.7957,0,flick
100.53,33.27,4.452,66.87,0.3856,1,defensive
55.75,36.15,4.915,5.64,0.6171,0,defensive
77.41,57.42,7.371,65.08,0.9055,0,cut
98.36,40.63,2.985,5.25,0.7694,1,straight_drive
83.09,93.32,6.669,31.83,0.5249,1,cut
86.11,68.99,7.195,97.29,0.6913,0,cut
43.79,30.4,4.417,57.98,0.4449,0,defensive
88.76,90.86,6.416,94.8,0.6274,1,cut
89.09,19.15,3.995,70.72,0.7664,1,cover_drive
97.39,44.56,3.235,24.95,0.8221,1,straight_drive
102.54,44.74,6.672,108.86,0.5745,0,cut
95.69,14.33,3.573,27.72,0.5678,1,straight_drive
75.75,45.63,2.586,33.19,0.8246,1,defensive
92.47,16.18,2.409,45.67,0.4816,1,cover_drive
71.2,25.97,3.716,-43.96,0.6101,0,flick
101.9,22.09,2.544,35.72,0.5073,1,cover_drive
92.09,30.22,1.829,40.44,0.5743,1,straight_drive
96.88,58.16,6.187,88.61,0.6175,0,cut
68.73,33.91,3.316,33.69,0.4739,0,defensive
114.35,63.09,6.809,22.46,0.7383,1,pull
75.36,67.33,4.107,38.49,0.3131,1,defensive
90.34,62.54,4.199,-68.64,0.8982,0,flick
81.23,18.62,2.978,55.11,0.5225,1,cover_drive
93.81,28.99,3.216,79.66,0.7928,1,cover_drive
74.07,75.64,6.577,-22.71,0.7463,0,pull
80.42,20.78,3.558,7.41,0.1529,0,defensive
72.78,18.86,3.61,25.05,0.4694,0,defensive
91.09,61.33,6.115,-19.14,0.4448,0,pull
89.44,15.02,3.949,-49.91,0.7378,1,flick
94.44,45.13,4.131,-44.96,0.9809,1,flick
74.72,81.98,6.539,95.24,0.8088,0,cut
101.25,46.63,2.989,-47.26,0.8698,1,flick
88.63,20.03,3.516,70.17,0.7638,1,cover_drive
107.4,59.7,7.195,27.89,0.853,1,pull
91.48,43.0,2.934,47.57,0.4789,1,cover_drive
107.13,27.53,2.09,53.97,0.8222,1,cover_drive
94.55,25.7,4.355,-23.3,0.3654,1,defensive
83.01,63.14,5.675,-5.84,0.8582,0,pull
70.72,83.74,5.634,42.9,0.7015,0,cut
82.74,30.5,3.205,62.31,0.6256,1,cover_drive
90.93,58.62,2.277,19.94,0.5456,1,straight_drive
84.3,52.39,2.944,39.99,0.8155,1,cover_drive
101.38,24.67,4.307,35.09,0.6179,1,cover_drive
86.73,62.56,5.857,-12.81,0.5961,0,pull
111.59,42.09,3.931,-6.75,0.5631,1,straight_drive
95.72,25.86,2.568,41.71,0.6676,0,cover_drive
105.54,73.54,6.704,8.05,0.5925,1,pull
83.34,39.99,2.382,-4.39,0.6452,1,defensive
86.11,24.16,2.633,34.41,0.6322,1,straight_drive
120.98,39.85,3.668,85.9,0.6622,1,cover_drive
102.67,36.68,2.62,25.94,0.6746,1,cover_drive
103.47,72.75,6.031,67.04,0.9456,0,cut
89.39,27.06,3.372,0.03,0.6261,1,straight_drive
101.29,75.31,5.126,63.51,0.5479,0,cut
98.28,52.61,5.494,-16.0,0.715,1,pull
84.07,58.69,3.589,-29.85,0.7241,1,flick
101.48,32.56,3.625,24.76,0.9158,1,straight_drive
101.25,37.24,3.549,14.56,0.7341,1,straight_drive
100.51,67.52,7.797,-26.71,0.7548,0,pull
71.54,58.46,3.946,-42.63,0.8058,1,flick
76.6,44.79,4.672,9.65,0.6294,1,defensive
75.66,30.9,4.385,19.03,0.7499,1,defensive
87.06,48.37,3.388,-49.38,0.697,1,flick
85.21,12.13,3.093,15.76,0.8126,1,straight_drive
116.59,71.68,6.424,-30.18,0.8493,1,pull
64.31,26.32,4.807,20.38,0.3793,1,defensive
78.08,30.76,3.285,66.1,0.8714,1,cover_drive
67.7,48.14,3.5,96.72,0.7048,1,defensive
87.85,54.04,6.51,34.78,0.7785,0,cut
102.31,68.12,6.565,-37.35,0.6683,1,pull
85.53,29.12,3.546,0.4,0.5538,1,defensive
81.92,52.61,6.09,50.88,0.632,0,cut
102.3,79.5,7.184,-16.83,0.8854,0,pull
51.77,44.59,4.295,21.76,0.6926,1,defensive
98.52,42.37,4.002,70.4,0.925,1,cover_drive
71.21,28.91,3.857,72.84,0.6308,1,defensive
69.84,63.77,2.576,-13.72,0.5864,1,defensive
96.44,61.11,6.307,62.05,0.8283,1,cut
88.26,76.33,5.493,29.38,0.7915,0,cut
72.75,43.43,3.903,17.49,0.1926,1,defensive
71.07,79.17,6.626,86.4,0.7417,0,cut
99.75,78.74,5.707,69.77,0.7744,1,cut
100.87,24.63,3.416,15.26,0.9302,1,straight_drive
57.39,49.75,4.885,-13.07,0.7453,1,defensive
109.29,52.61,5.587,62.97,0.7433,0,cut
100.03,89.46,6.684,-12.69,0.5759,0,pull
111.17,34.33,1.907,27.0,0.7791,1,straight_drive
70.88,70.24,5.668,16.6,0.5228,0,cut
91.71,91.92,5.92,-51.09,0.7833,0,pull
83.05,41.61,3.873,-47.26,0.6561,1,flick
78.3,71.23,5.697,37.59,0.8502,0,cut
118.24,48.72,5.966,36.81,0.4114,0,pull
84.08,40.71,4.591,-14.66,0.2603,1,defensive
90.38,36.23,3.657,64.39,0.8762,1,cover_drive
87.01,40.06,3.909,-44.93,0.9136,0,flick
104.08,73.56,6.818,-8.27,0.7572,0,pull
78.72,77.58,6.335,98.41,0.7666,0,cut
77.19,81.35,7.366,34.43,0.8557,0,cut
90.19,32.16,3.889,58.31,0.7933,1,cover_drive
92.28,54.93,3.064,14.87,0.7027,1,straight_drive
82.29,54.47,6.229,-32.93,0.8396,1,pull
84.55,58.09,5.93,-11.52,0.8514,0,pull
109.38,78.3,7.119,3.76,0.6435,0,pull
77.33,41.64,4.967,27.78,0.7434,1,defensive
58.46,28.49,4.844,15.91,0.7106,0,defensive
89.78,66.58,6.388,54.4,0.8945,0,cut
112.48,34.83,3.311,-12.9,0.8521,1,straight_drive
97.29,21.53,3.114,71.17,0.705,1,cover_drive
98.3,80.18,6.759,-53.39,0.8763,0,pull
103.29,26.62,4.799,18.99,0.6553,1,defensive
98.88,63.39,5.084,0.17,0.6859,0,pull
92.28,41.88,3.089,-37.15,0.7,1,straight_drive
88.85,46.42,2.685,26.31,0.8757,1,straight_drive
109.3,52.9,2.638,-15.37,0.7775,1,straight_drive
105.78,49.7,3.583,25.79,0.7522,1,straight_drive
101.3,57.4,5.28,38.7,0.8327,1,cut
91.37,52.24,2.813,64.2,0.7664,1,cover_drive
79.57,43.5,4.29,-9.48,0.5562,1,defensive
107.92,36.9,2.522,-34.55,0.7386,1,flick
92.38,36.46,6.062,81.98,0.7219,1,cut
108.92,74.76,5.358,60.07,0.4743,0,cut
103.8,36.27,4.196,-3.09,0.588,0,flick
80.19,34.54,3.515,72.97,0.5356,1,cover_drive
79.27,50.46,3.855,40.73,0.1487,1,defensive
74.27,84.61,4.419,-53.15,0.708,0,flick
57.72,59.02,3.543,14.53,0.6425,1,defensive
84.06,59.33,6.913,65.07,0.6504,0,cut
107.68,74.63,7.688,-17.61,0.7465,0,pull
58.55,37.53,2.872,-3.09,1.0,1,straight_drive
118.71,83.56,5.075,50.51,0.8249,0,cut
97.61,42.1,2.453,32.32,0.7428,1,straight_drive
108.64,39.94,2.831,94.32,0.8194,1,cover_drive
85.1,22.5,3.68,35.86,0.7233,1,cover_drive
102.34,46.81,2.464,26.06,0.6182,1,straight_drive
78.89,70.57,7.086,30.52,1.0,0,cut
95.44,40.11,3.088,-79.18,0.9884,0,flick
96.28,32.2,3.476,11.04,0.8846,0,straight_drive
88.67,35.19,6.973,36.5,0.4207,0,pull
89.58,46.22,3.132,-18.55,0.6113,1,flick
103.41,71.59,6.158,86.21,0.5958,1,cut
98.85,13.97,2.875,36.93,0.6323,1,cover_drive
69.4,53.41,4.824,-8.59,0.6958,1,defensive
77.9,28.32,4.712,-36.16,0.8759,0,flick
98.6,45.1,2.85,14.75,0.7695,1,straight_drive
132.19,73.93,7.297,-39.07,0.8629,0,pull
90.51,21.48,2.93,76.83,0.7878,1,cover_drive
71.91,49.39,2.778,-7.26,0.8009,0,flick
88.87,66.37,6.986,-30.96,0.8499,0,pull
66.0,65.15,3.323,-0.28,0.5817,1,defensive
94.7,33.34,6.358,94.02,0.7784,1,cut
84.9,39.95,2.886,2.95,0.7127,1,straight_drive
100.25,7.88,3.207,115.64,0.7855,1,cover_drive
68.97,43.52,3.978,-27.91,0.6991,1,defensive
101.75,27.34,2.984,2.78,1.0,1,straight_drive
100.37,36.76,3.245,34.99,0.2196,0,defensive
114.63,100.23,7.121,-4.19,0.8082,0,pull
75.53,45.98,4.092,-26.47,0.7177,0,flick
79.38,43.1,3.809,5.53,0.7809,0,defensive
98.17,71.7,3.88,-34.5,0.5788,0,flick
112.68,29.21,3.522,35.99,0.6354,1,cover_drive
68.44,63.3,3.037,-70.42,0.7763,1,flick
54.13,27.35,4.895,-56.61,0.5208,0,defensive
90.37,26.44,3.233,7.14,0.8146,1,straight_drive
89.58,59.64,8.142,2.65,0.517,0,pull
86.97,31.99,4.423,30.0,0.5521,1,defensive
92.08,26.0,3.654,84.59,0.7423,1,cover_drive
97.57,57.49,3.263,39.2,0.6672,1,straight_drive
90.49,88.35,5.485,5.96,0.722,0,pull
88.69,113.15,5.926,77.8,0.6252,1,cut
106.36,62.34,5.453,44.54,0.7057,0,cut
77.05,22.07,4.093,24.12,0.5462,1,defensive
94.83,31.93,6.44,-6.84,0.4467,0,pull
77.2,70.53,2.773,-2.23,0.7535,1,straight_drive
88.55,64.45,5.064,73.96,0.7979,1,cut
74.22,9.25,4.59,6.13,0.3215,0,defensive
80.47,36.1,3.18,-39.28,0.8141,1,flick
88.3,41.61,3.068,6.26,0.4505,0,defensive
92.46,88.39,5.997,-31.94,0.65,0,pull
83.1,65.51,4.677,-22.77,0.6823,1,defensive
62.18,26.43,3.293,25.78,0.4153,1,defensive
93.13,52.66,3.76,6.33,0.6198,0,straight_drive
103.27,78.47,6.596,-16.17,0.8824,0,pull
97.91,88.71,7.405,-26.41,0.785,0,pull
114.25,89.08,6.478,106.51,0.7298,1,cut
111.08,51.68,5.049,28.4,0.7544,0,defensive
108.1,21.17,3.96,9.54,0.7297,1,straight_drive
84.06,46.72,3.24,-23.73,0.535,0,flick
74.48,65.25,6.064,77.0,0.5508,0,cut
77.61,63.75,5.929,56.15,1.0,0,cut
99.38,97.96,6.119,-1.45,0.912,0,pull
90.9,60.39,5.576,100.77,0.786,0,cut
103.99,56.63,6.267,69.26,0.6753,0,cut
97.16,51.11,3.336,-16.08,0.6191,1,straight_drive
97.08,39.72,3.02,-22.22,0.598,0,straight_drive
99.72,46.68,2.768,18.57,0.8662,1,cover_drive
92.21,56.38,4.986,72.39,0.9531,0,cut
93.43,54.4,3.74,14.6,0.8428,0,straight_drive
72.77,66.07,4.611,-29.49,0.7219,1,defensive
92.68,78.02,6.323,10.1,0.7629,0,pull
84.03,37.93,3.795,51.66,0.7594,1,cover_drive
104.57,78.58,6.661,61.75,0.5605,1,cut
100.04,24.06,3.073,-0.33,0.6363,1,flick
77.96,38.98,3.386,46.11,0.653,1,defensive
108.71,70.27,6.509,-7.17,0.6253,0,pull
106.42,39.63,3.504,26.54,0.8493,1,straight_drive
98.82,55.13,7.758,18.11,1.0,0,pull
95.53,42.18,3.183,74.35,0.7584,1,cover_drive
69.35,38.96,3.617,68.77,0.7131,1,cover_drive
93.06,28.43,3.795,16.46,0.6293,1,defensive
85.04,48.03,4.789,-9.26,0.6606,0,flick
89.13,107.5,6.025,12.53,0.588,0,pull
99.82,48.7,3.722,25.12,0.6817,0,straight_drive
74.89,36.56,3.339,-15.88,0.3261,1,defensive
77.45,98.52,5.451,90.03,0.7843,0,cut
83.78,39.89,5.53,4.07,0.746,1,defensive
72.56,27.21,4.293,-36.85,0.3247,0,defensive
86.81,66.93,3.713,-32.97,0.4124,0,flick
62.87,66.32,3.163,-54.13,0.3618,1,defensive
68.38,40.41,2.947,-72.52,0.8118,0,flick
80.76,62.91,3.818,60.75,0.7433,1,cover_drive
75.79,74.36,3.145,-65.0,0.7959,1,flick
96.42,61.32,2.667,9.01,0.6318,1,defensive
78.8,40.5,2.784,-73.17,0.7088,1,flick
97.31,30.15,2.6,10.2,0.6623,1,straight_drive
102.78,82.28,6.687,-43.24,0.7625,0,pull
93.66,44.54,2.908,41.11,0.7048,1,cover_drive
85.55,68.34,4.222,42.16,0.8637,1,straight_drive
76.14,48.54,2.59,3.83,0.542,1,defensive
103.92,40.5,3.363,30.33,0.9083,1,straight_drive
99.49,67.35,1.988,-4.96,0.646,1,straight_drive
70.85,51.13,3.217,-52.74,0.7359,1,flick
82.56,28.49,3.275,78.57,0.8253,1,cover_drive
104.02,91.14,5.209,31.97,0.9407,0,cut
94.43,17.18,2.777,59.21,0.8651,1,cover_drive
101.87,56.85,2.824,0.24,0.7371,1,straight_drive
97.38,68.75,6.194,51.3,0.7881,0,cut
91.84,35.43,2.392,48.86,0.8439,1,cover_drive
107.81,77.83,7.617,11.3,0.7013,0,pull
100.74,60.63,7.771,30.02,0.6526,0,pull
90.93,27.15,3.278,14.71,0.6408,1,straight_drive
88.55,66.43,5.609,23.27,0.752,0,cut
115.65,52.87,4.118,-41.21,0.7232,0,flick
108.51,37.34,3.486,32.36,0.7536,1,cover_drive
98.44,49.07,3.586,19.15,0.8424,0,straight_drive
100.54,91.87,6.506,6.21,0.5479,1,pull
119.96,82.14,8.458,-3.25,0.5521,0,pull
93.93,35.4,3.686,-12.57,0.8887,0,flick
92.56,38.15,2.158,-13.76,0.6772,1,straight_drive
89.62,72.43,3.975,-32.88,0.6847,0,flick
108.28,66.39,7.21,30.36,1.0,0,pull
105.67,49.32,3.445,69.52,0.6366,0,cover_drive
91.67,52.39,2.751,25.7,0.8648,1,straight_drive
84.82,63.56,3.98,4.25,0.5187,1,defensive
94.2,41.39,3.61,81.09,0.867,1,cover_drive
68.41,54.04,2.925,-8.08,0.869,1,flick
76.89,63.37,5.983,76.82,0.7639,0,cut
68.37,18.17,4.49,-23.97,0.4379,1,defensive
72.25,43.79,2.767,3.24,0.7585,0,straight_drive
99.38,97.2,7.87,27.35,0.7282,0,pull
96.69,22.01,3.38,25.11,0.6386,1,straight_drive
94.11,49.81,5.209,-8.11,0.4882,1,defensive
85.59,39.52,2.793,62.14,0.9497,1,cover_drive
80.95,82.7,5.533,88.18,0.5585,0,cut
76.15,44.58,3.46,29.88,0.4984,1,defensive
89.99,81.3,6.501,42.08,0.6274,0,cut
81.45,49.66,4.143,-69.47,0.5854,0,flick
84.66,33.27,2.927,87.32,0.9069,1,cover_drive
80.52,28.03,2.749,23.58,0.5586,1,cover_drive
106.41,88.35,6.176,-55.11,0.5934,1,pull
86.6,53.77,4.895,75.92,0.7604,0,cut
99.14,36.78,4.089,34.09,0.7596,1,cover_drive
104.26,104.29,6.202,-32.01,0.5057,0,pull
78.52,60.99,8.36,14.03,0.5926,0,pull
104.28,42.8,2.843,19.66,0.6973,1,cover_drive
77.26,58.95,3.679,-86.49,0.856,1,flick
68.66,95.38,6.113,66.31,0.7659,1,cut
72.64,42.73,4.233,-11.81,0.5229,0,defensive
108.19,42.36,4.252,-1.32,0.7121,0,flick
83.37,27.4,2.948,-6.84,0.6911,0,straight_drive
75.51,55.05,3.327,-50.36,0.916,1,flick
77.82,44.68,3.564,-5.6,0.7758,1,flick
96.15,48.42,4.247,34.39,0.7721,1,straight_drive
90.42,16.12,3.778,5.55,0.8474,1,straight_drive
69.12,57.39,3.491,51.89,0.0514,0,defensive
97.58,14.2,3.11,53.0,0.5441,1,cover_drive
110.79,20.18,2.545,19.53,0.6749,0,cover_drive
113.37,54.43,6.897,44.97,0.8061,0,cut
108.66,49.1,5.397,14.14,1.0,0,pull
78.52,23.6,4.352,5.31,0.6386,1,defensive
97.62,38.07,3.815,80.35,0.6251,1,cover_drive
78.47,40.81,3.815,-15.1,0.6326,0,flick
108.79,51.73,5.718,70.48,0.9188,1,cut
81.05,67.45,4.063,-37.23,0.6617,1,flick
97.16,88.26,5.726,71.5,0.7205,0,cut
101.85,45.2,4.379,22.27,0.4237,1,defensive
96.01,64.78,4.333,-57.39,0.9288,1,flick
52.83,16.45,3.934,-23.23,0.5736,1,defensive
98.18,73.15,7.474,-24.87,0.8109,0,pull
82.48,8.0,2.588,61.07,0.7837,1,cover_drive
93.55,40.43,2.791,31.85,0.9131,1,straight_drive
85.53,52.39,3.308,-57.71,0.5468,0,flick
95.11,27.19,2.703,33.53,0.7286,1,cover_drive
85.0,59.04,3.36,-63.13,0.6279,1,flick
69.48,76.17,4.011,58.27,0.9063,1,defensive
108.69,21.53,2.348,14.76,0.6742,1,straight_drive
82.07,76.16,5.194,45.83,0.919,0,cut
88.01,43.42,5.995,68.2,0.922,1,cut
93.18,37.26,2.778,21.44,0.7393,1,straight_drive
108.74,43.49,3.357,-43.71,0.7626,0,flick
69.6,42.8,5.168,-5.27,0.7391,0,defensive
96.15,20.07,4.001,-32.81,0.519,1,flick
69.94,44.68,5.906,-27.73,0.5459,1,defensive
89.14,72.02,6.81,94.64,0.5326,0,cut
88.92,59.16,5.682,73.39,0.2772,0,defensive
107.63,28.38,3.202,40.07,0.6117,1,straight_drive
57.28,31.24,3.394,33.41,1.0,1,defensive
110.78,54.39,6.792,-40.58,0.7454,0,pull
91.63,38.29,3.833,44.36,0.955,1,straight_drive
109.27,41.52,4.763,-76.77,0.3615,0,flick
88.83,49.96,7.25,52.15,0.5289,0,pull
95.19,71.28,5.664,52.02,0.8452,0,cut
103.13,38.4,2.63,5.72,0.4926,1,straight_drive
84.46,27.9,3.747,22.76,0.4979,1,straight_drive
92.32,101.63,6.268,57.38,0.8298,0,cut
76.14,42.88,4.491,-0.36,0.5295,0,defensive
105.93,48.38,3.219,51.7,0.7424,1,straight_drive
91.44,51.93,4.533,-51.34,0.7595,1,flick
97.29,33.41,3.212,11.22,0.5374,1,straight_drive
57.06,57.4,4.055,19.85,0.6986,0,defensive
83.44,24.77,3.783,44.55,0.6718,1,cover_drive
74.5,44.67,2.892,63.01,0.7712,1,cover_drive
82.97,24.93,3.169,23.44,0.8164,1,straight_drive
86.06,71.74,3.713,-66.34,0.6956,1,flick
94.63,56.64,2.977,27.06,0.9479,1,straight_drive
120.49,35.48,3.047,42.53,0.6247,1,cover_drive
93.89,61.74,5.825,66.83,0.7842,0,cut
82.03,48.25,3.522,-87.07,0.797,1,flick
116.28,44.2,3.574,46.55,0.7222,1,cover_drive
113.62,71.36,5.955,-12.48,0.4585,0,pull
76.18,71.56,6.639,19.76,0.5854,0,cut
82.18,34.0,5.261,80.84,0.4322,0,defensive
97.42,41.12,3.382,30.03,0.7011,1,cover_drive
76.16,86.72,5.711,51.88,0.7745,1,cut
87.78,38.88,3.233,59.64,0.8217,1,straight_drive
84.91,0.6,3.207,83.47,0.8983,1,cover_drive
100.33,58.46,5.5,41.29,0.8459,0,cut
107.87,54.64,4.918,18.64,0.466,1,defensive
86.11,53.31,5.056,28.56,0.5978,0,defensive
96.63,35.61,2.969,-60.61,0.8545,1,flick
78.82,29.45,2.968,44.63,0.4579,1,defensive
83.66,81.87,4.571,67.94,0.652,0,cut
89.22,59.26,5.023,109.08,0.7894,0,cut
91.4,57.0,4.606,-30.11,0.6981,1,flick
80.06,32.71,3.846,50.45,0.7875,1,cover_drive
109.8,81.42,6.106,77.0,0.6678,0,cut
83.87,48.5,2.953,94.44,0.9541,1,cover_drive
71.38,43.62,2.722,40.79,0.4159,1,defensive
64.47,40.56,6.422,39.91,0.7645,0,cut
102.57,96.34,5.966,12.25,0.4779,0,pull
94.67,52.37,3.524,-50.9,0.7169,0,flick
82.29,52.46,6.135,-35.65,0.2966,1,defensive
89.6,48.5,6.478,-13.58,0.8712,0,pull
112.94,62.03,7.296,56.94,0.4176,1,cut
105.24,77.08,6.007,-3.79,0.5948,0,pull
102.8,34.07,3.338,24.98,0.8358,1,straight_drive
97.03,49.71,2.767,72.78,0.7888,0,cover_drive
85.78,64.27,6.333,57.76,0.8227,0,cut
98.45,68.7,3.896,-42.14,0.7949,1,flick
101.01,42.04,3.713,-75.37,0.5744,1,flick
86.16,22.25,3.701,-55.12,0.5542,1,flick
86.77,69.76,2.934,-15.28,0.7288,0,flick
84.99,55.03,3.735,11.54,0.6364,1,straight_drive
103.52,42.65,6.79,92.88,0.5862,0,cut
55.03,60.21,4.076,-2.63,0.6875,0,defensive
79.59,54.36,3.64,-58.2,0.5764,1,flick
86.8,21.07,4.46,-24.21,0.3788,1,defensive
76.2,75.3,5.368,41.38,1.0,1,cut
77.72,53.9,4.015,18.39,0.5492,0,defensive
76.0,51.86,5.083,47.59,0.5623,0,defensive
74.17,41.27,3.41,7.94,1.0,1,straight_drive
89.22,34.0,2.972,76.05,0.8064,1,cover_drive
91.32,50.47,3.766,-68.85,0.7998,0,flick
102.54,73.3,6.088,74.81,0.6248,0,cut
71.98,29.89,4.211,-56.51,0.647,1,flick
61.1,47.17,3.407,19.3,0.6388,1,defensive
105.62,43.54,3.286,23.14,0.6802,1,straight_drive
82.48,41.52,3.609,13.91,0.6797,1,defensive
95.29,96.66,6.311,-8.89,0.4653,1,pull
113.9,68.24,4.829,27.42,0.6459,0,pull
84.39,29.21,2.888,13.09,0.7233,1,straight_drive
89.63,57.92,4.453,-39.68,0.6889,1,flick
62.49,67.47,3.117,34.44,0.6598,0,defensive
118.16,30.22,2.977,-14.48,0.7928,1,straight_drive
73.91,91.74,6.783,-46.32,0.4765,0,pull
98.41,53.87,3.972,-54.66,0.7277,1,defensive
97.54,59.93,3.617,-3.92,0.715,1,flick
68.88,37.76,2.916,26.7,0.6359,1,defensive
85.32,21.41,2.431,2.5,0.7852,1,straight_drive
98.95,67.35,6.619,10.82,0.9654,0,cut
98.21,16.86,2.31,43.42,0.8021,1,straight_drive
91.61,30.83,3.397,52.5,0.7134,1,cover_drive
74.54,35.36,4.892,62.62,0.37,1,defensive
95.26,33.7,3.223,7.08,0.8364,1,straight_drive
106.61,72.63,6.168,77.39,0.8148,1,cut
73.62,41.99,4.442,44.74,0.4302,0,defensive
100.32,116.81,6.772,16.27,0.5317,0,pull
105.95,28.33,3.46,-58.62,0.583,0,flick
81.64,74.96,4.801,-22.59,0.5726,0,pull
82.14,31.04,3.355,-11.38,0.59,1,straight_drive
72.53,34.84,3.023,37.95,0.651,1,cover_drive
93.86,78.61,5.539,8.03,0.8006,0,cut
89.8,58.62,2.827,-62.4,0.4811,0,flick
111.42,55.35,2.241,12.6,0.5888,1,straight_drive
82.61,61.98,2.897,8.98,0.7375,1,straight_drive
104.87,31.23,2.769,37.06,0.7636,1,straight_drive
108.59,31.61,3.306,17.63,0.5813,1,straight_drive
86.74,39.37,2.983,45.16,0.7883,1,cover_drive
94.55,20.61,4.069,26.2,0.7958,1,straight_drive
88.16,39.75,3.978,19.82,0.7715,1,straight_drive
86.0,66.11,6.435,49.75,0.8836,1,cut
105.39,66.79,6.458,-21.7,0.6066,0,pull
84.09,36.74,3.851,-51.48,0.7696,1,flick
66.01,59.95,4.001,58.32,0.1419,1,defensive
104.68,35.46,2.935,55.92,0.8221,1,cover_drive
93.52,91.4,5.606,3.8,0.5923,0,pull
91.2,34.55,4.454,-82.9,0.7622,0,flick
71.97,51.45,6.713,-19.55,0.75,0,pull
55.3,38.49,3.185,5.39,0.4227,1,defensive
104.12,35.19,2.309,11.08,0.8811,0,straight_drive
95.09,92.27,7.378,-19.66,0.9066,0,pull
80.61,83.25,6.669,-16.51,0.8805,0,pull
100.27,52.14,3.276,-35.22,0.643,1,flick
82.27,35.09,2.968,-6.33,0.7879,1,straight_drive
93.54,31.75,2.954,26.68,0.706,0,straight_drive
82.76,38.79,2.854,16.8,0.5597,1,cover_drive
81.75,70.21,7.28,21.08,1.0,0,pull
81.29,33.36,4.097,-51.67,0.9901,0,flick
76.0,37.34,3.422,-63.23,0.7487,1,flick
85.98,39.62,4.411,-25.99,0.6075,1,defensive
92.82,40.88,3.644,-57.12,0.6944,1,flick
76.12,75.45,5.286,60.38,0.9097,0,cut
108.34,47.25,6.469,83.75,0.6829,0,cut
82.25,58.38,5.038,95.71,0.8272,1,cut
120.17,33.16,3.067,91.83,0.5993,1,cover_drive
71.76,32.84,3.758,24.97,0.4227,1,defensive
93.22,27.64,3.527,-43.56,0.8456,0,flick
101.84,65.39,6.158,-36.25,0.7214,0,pull
117.29,50.01,5.613,25.72,0.6837,1,defensive
100.9,44.14,2.957,18.87,0.7408,1,straight_drive
84.08,32.55,3.872,-78.9,0.644,0,flick
85.36,38.71,3.94,46.63,0.8214,1,cover_drive
102.6,41.69,2.904,10.65,0.9766,1,straight_drive
92.32,60.89,6.35,70.5,0.8219,1,cut
90.45,82.72,6.206,91.62,0.71,1,cut
74.53,49.02,4.742,-71.43,0.6282,1,flick
104.07,88.8,6.928,-60.29,0.8878,0,pull
125.96,19.87,3.944,-12.35,0.8085,1,straight_drive
67.95,7.1,3.931,-25.74,0.8287,1,defensive
91.31,34.81,3.483,-43.84,0.7489,0,flick
99.39,30.39,2.92,44.29,0.7562,1,cover_drive
94.27,24.46,3.286,-68.08,0.7348,1,flick
97.92,52.02,2.831,20.91,0.7467,1,straight_drive
92.34,50.31,3.615,1.57,0.7715,1,straight_drive
81.85,68.01,3.93,-62.6,0.7578,0,flick
106.78,81.44,4.495,91.7,0.9128,1,cut
86.77,35.14,3.408,-57.38,0.7734,0,flick
79.23,64.51,5.99,-58.58,0.8064,0,pull
100.71,61.02,5.428,-21.36,0.6364,0,pull
115.59,55.02,5.679,44.79,0.777,1,pull
96.9,86.34,7.008,3.7,0.736,1,pull
57.86,34.99,5.008,0.11,0.4619,1,defensive
96.06,82.47,7.045,72.57,0.5621,1,cut
101.55,37.18,1.72,21.3,0.6404,1,straight_drive
89.94,50.32,4.451,-23.06,1.0,0,flick
106.15,10.83,3.231,31.61,0.969,1,cover_drive
88.42,70.43,6.308,61.58,0.7015,0,cut
82.25,80.38,5.111,-3.89,0.4578,0,pull
90.58,41.16,4.084,10.75,0.4875,0,defensive
87.63,60.59,5.77,13.96,0.5961,1,pull
98.83,58.53,2.961,116.19,0.7301,1,cover_drive
99.61,39.13,4.427,-64.99,0.6795,1,flick
76.22,43.27,3.691,11.67,0.7441,1,straight_drive
110.75,72.54,6.321,82.0,0.3571,0,cut
78.21,45.55,3.593,-54.84,0.62,0,flick
80.9,48.97,3.612,-43.02,0.7328,1,flick
90.58,42.68,3.073,10.97,0.6909,1,straight_drive
107.23,39.04,2.933,92.86,0.6276,1,cover_drive
77.75,40.15,3.069,-68.15,0.9783,0,flick
97.51,21.97,3.42,4.23,0.7386,1,straight_drive
105.89,70.01,5.511,2.69,0.8652,0,pull
107.96,67.38,7.475,-12.89,0.7224,0,pull
64.63,47.54,5.596,-21.04,0.7058,0,defensive
89.61,73.93,5.799,54.62,0.8669,1,cut
86.48,65.01,2.386,-33.48,0.6225,1,flick
98.14,38.09,3.411,61.09,0.5508,1,cover_drive
88.19,31.6,2.885,-5.83,0.9788,1,straight_drive
95.12,24.6,3.514,67.48,0.6326,1,cover_drive
97.46,59.1,2.439,26.11,0.6067,1,straight_drive
108.86,75.91,4.789,22.88,0.8347,0,pull
104.27,48.6,3.228,62.7,0.7918,1,cover_drive
79.1,16.09,3.249,55.57,0.8507,1,cover_drive
95.31,28.55,3.562,52.17,0.6587,0,cover_drive
73.17,31.81,3.325,-3.63,0.7961,1,flick
88.52,45.7,2.779,25.58,0.9081,1,straight_drive
87.71,52.34,3.501,36.11,0.8371,1,cover_drive
98.0,45.6,6.7,6.68,0.8191,0,pull
103.13,23.85,3.595,66.83,0.8819,1,cover_drive
89.47,34.68,4.512,26.0,0.4279,1,defensive
100.36,68.97,3.206,-62.24,0.8083,1,flick
87.84,60.3,6.535,56.69,0.6059,1,cut
89.36,40.17,4.539,-14.2,0.8583,0,flick
85.98,38.87,2.749,42.1,0.672,1,cover_drive
50.35,42.89,5.485,37.7,0.4565,1,defensive
97.27,31.97,4.37,4.97,1.0,0,flick
68.96,39.93,3.686,-7.35,0.5973,1,defensive
115.64,53.34,6.695,-6.59,0.896,0,pull
78.75,59.91,7.13,-20.98,0.4995,0,pull
91.64,77.65,6.264,65.67,0.7734,0,cut
81.97,35.94,2.971,70.37,0.6769,1,cover_drive
101.44,54.13,5.162,46.42,1.0,0,cut
79.25,82.21,6.004,37.72,0.8297,1,cut
47.18,38.74,3.327,36.35,0.4623,0,defensive
120.59,56.2,4.731,-0.29,0.8251,0,pull
54.18,50.6,4.251,3.61,0.626,1,defensive
90.21,11.79,3.299,40.54,0.7934,1,cover_drive
91.45,67.7,7.032,-26.03,0.7618,0,pull
105.24,76.06,6.126,70.28,0.6412,0,cut
77.5,62.04,5.571,47.29,0.7328,1,cut
91.49,59.18,3.497,-26.18,0.4739,0,flick
112.14,71.58,5.94,51.63,0.6649,0,cut
85.64,48.39,3.994,-52.16,0.6038,1,flick
99.3,28.27,3.5,82.67,0.7247,0,cover_drive
99.45,33.17,3.052,-38.12,0.7437,1,flick
81.43,20.41,3.305,-70.77,0.806,1,flick
81.47,96.29,5.893,-48.59,0.7613,0,pull
73.06,40.04,3.834,-16.56,0.7409,0,flick
112.98,69.97,2.932,40.19,0.6652,0,cover_drive
86.12,40.59,3.474,39.76,0.7512,1,cover_drive
108.36,30.49,3.563,51.59,0.701,1,cover_drive
105.8,70.14,6.535,-6.67,0.7289,0,pull
46.54,50.7,5.095,18.97,0.5854,1,defensive
87.67,53.27,3.91,-46.06,1.0,1,flick
84.67,34.28,3.745,-25.71,0.666,0,flick
92.13,64.7,6.06,62.89,1.0,0,cut
73.06,64.99,5.243,1.77,0.816,1,cut
88.07,84.47,6.694,124.28,0.6694,0,cut
95.93,92.74,7.879,-37.53,0.6461,0,pull
89.35,32.96,3.694,11.43,0.9311,1,straight_drive
93.03,61.71,4.368,-81.87,0.6385,0,flick
93.26,25.29,3.065,52.32,0.8028,0,cover_drive
62.79,25.41,5.82,-39.77,1.0,1,defensive
115.65,75.48,6.155,-11.92,0.8871,0,pull
103.44,33.77,3.698,41.45,0.7221,1,cover_drive
65.4,78.06,2.93,30.23,0.4956,1,defensive
111.02,40.73,3.755,41.31,0.9254,0,cover_drive
111.52,54.48,6.157,4.44,0.6778,0,pull
102.81,40.98,7.547,17.75,0.6389,0,pull
93.99,52.49,4.595,-38.39,0.5782,1,flick
96.09,81.3,7.129,98.71,0.7338,0,cut
55.5,52.57,2.835,19.55,0.596,1,straight_drive
88.72,58.85,6.697,36.26,0.6742,0,pull
90.14,45.96,2.615,13.54,0.8451,1,straight_drive
84.61,94.28,4.904,5.24,0.9091,0,pull
83.15,76.48,5.315,76.81,0.6984,1,cut
92.93,71.6,6.691,-37.26,0.6998,0,pull
74.43,33.09,4.224,-3.19,0.2667,1,defensive
95.04,47.87,6.512,-13.57,0.5998,0,pull
81.72,55.8,4.233,-29.63,0.6071,1,flick
63.95,21.15,5.877,45.15,0.5938,1,defensive
95.59,41.54,5.383,3.86,0.5815,0,defensive
91.64,29.27,2.439,-40.6,0.6922,0,flick
92.24,87.97,5.31,30.72,0.8397,0,cut
98.05,29.13,2.962,-61.45,0.7759,1,flick
93.16,42.69,3.391,18.31,0.8862,0,defensive
97.55,41.1,3.235,16.66,0.9263,1,cover_drive
76.42,38.62,2.915,31.17,0.8122,0,straight_drive
76.08,46.58,4.271,20.86,0.41,1,defensive
104.39,45.76,3.75,-3.27,0.4188,1,defensive
110.87,60.97,2.531,37.99,0.8668,1,straight_drive
106.48,47.13,3.137,16.1,0.6898,1,straight_drive
116.63,77.3,6.544,5.87,0.4394,1,pull
88.95,42.12,3.586,83.43,0.5887,1,cover_drive
103.12,40.11,3.724,-30.05,1.0,1,flick
109.81,22.3,3.002,85.59,0.643,1,cover_drive
105.29,70.13,6.431,-4.12,0.7929,0,pull
89.09,34.28,2.662,45.75,0.6072,1,cover_drive
101.79,50.29,3.757,18.29,0.1589,1,defensive
82.71,53.01,5.203,97.07,0.8309,0,cut
91.85,12.86,5.001,-0.42,0.762,1,defensive
103.3,22.98,2.557,65.88,0.8258,1,cover_drive
68.32,37.82,5.367,-63.98,0.8152,0,flick
90.31,31.19,3.75,61.19,0.8777,1,cover_drive
75.84,15.32,3.536,-7.71,0.7337,1,straight_drive
108.33,46.45,3.316,1.5,0.686,1,straight_drive
96.67,86.09,6.931,11.99,0.4005,0,pull
85.33,66.43,5.105,75.26,0.8767,1,cut
77.26,9.57,4.711,38.18,0.6203,1,defensive
113.95,73.96,6.266,31.11,0.7292,0,cut
91.35,65.19,5.61,-15.0,0.4119,0,pull
89.71,14.26,2.545,14.02,0.7485,1,straight_drive
101.26,41.67,2.912,35.18,0.6173,0,cover_drive
94.19,39.27,3.24,-62.47,0.6336,0,flick
87.78,23.04,4.947,-30.72,0.6772,0,defensive
92.62,36.31,6.321,78.1,0.7278,0,cut
99.5,82.39,5.418,43.5,0.8869,0,cut
115.03,52.91,5.464,64.18,0.4378,1,cut
82.54,62.81,4.618,-58.0,0.6503,1,flick
83.77,64.38,7.296,25.31,0.9864,1,pull
104.75,57.66,7.281,78.35,0.6909,0,cut
94.49,56.39,5.256,62.82,0.8581,0,cut
76.94,76.83,7.023,127.69,0.5166,0,cut
101.85,54.51,3.673,-70.9,0.8185,0,flick
86.12,55.88,3.266,71.01,0.6967,1,cover_drive
90.28,43.74,2.476,41.76,0.7839,1,cover_drive
61.86,43.84,5.095,13.25,0.1341,1,defensive
101.54,77.37,5.881,24.71,0.7751,0,cut
85.66,46.28,2.552,35.14,0.9879,1,cover_drive
87.41,66.05,6.043,72.22,0.7746,0,cut
76.11,27.8,1.786,-40.49,0.2739,1,defensive
102.02,50.56,2.845,-64.93,0.6422,1,flick
79.13,55.03,3.23,33.46,0.7513,1,straight_drive
99.5,93.1,5.575,-12.7,0.745,0,pull
113.16,93.24,5.319,28.22,0.5998,1,pull
113.68,64.1,7.223,-46.06,0.7373,0,pull
49.53,50.64,3.808,15.07,0.4455,1,defensive
93.47,25.87,3.774,9.67,0.6511,1,straight_drive
104.02,57.87,5.292,39.12,0.7732,0,cut
68.9,50.87,4.914,-50.3,0.6855,0,flick
58.35,54.43,4.045,13.13,0.2083,1,defensive
46.38,40.9,5.861,38.34,0.5656,1,defensive
64.07,57.15,5.777,91.2,0.8974,0,cut
87.16,58.27,3.258,-58.54,0.6517,0,flick
97.98,54.25,3.688,-49.06,0.5214,1,flick
90.34,62.94,5.196,-79.35,0.7407,1,flick
84.69,43.99,2.65,63.58,0.6668,1,cover_drive
72.25,54.3,3.867,-78.12,1.0,0,flick
96.78,20.57,2.909,67.42,0.8305,1,defensive
76.69,12.46,3.502,71.39,0.7287,1,cover_drive
83.83,21.11,3.011,83.2,0.7117,0,cover_drive
100.15,84.15,5.441,72.55,0.8324,0,cut
77.73,63.51,5.626,19.58,0.6695,1,defensive
90.45,43.04,2.906,50.21,0.8155,1,cover_drive
82.31,24.69,3.399,24.28,0.4126,1,defensive
57.88,46.04,4.13,-29.19,0.5896,1,defensive
88.61,66.94,6.793,-58.67,0.8089,0,pull
103.27,68.16,6.884,-30.24,0.8279,0,pull
76.52,25.56,3.016,49.36,0.486,1,defensive
99.03,41.98,3.877,-59.04,0.8418,1,flick
100.35,28.75,4.27,-29.05,0.633,1,flick
102.94,51.58,2.504,28.64,0.9348,1,straight_drive
103.28,49.58,3.036,-8.36,0.7246,1,straight_drive
86.21,58.39,6.193,52.09,0.7309,1,cut
106.88,19.85,2.932,60.16,0.6923,1,cover_drive
88.73,69.41,3.757,-80.42,0.9139,1,flick
70.01,54.14,3.122,-55.18,0.863,1,flick
99.2,56.63,7.541,36.22,0.8802,0,pull
86.61,65.88,7.309,68.79,0.6105,0,cut
103.91,40.75,3.062,8.01,0.7153,1,straight_drive
99.65,28.68,3.454,47.94,0.4699,1,cover_drive
106.13,79.06,6.228,-35.46,0.8334,0,pull
111.85,91.71,5.295,-17.23,0.6887,0,pull
107.91,88.13,6.728,21.58,0.8745,0,pull
117.21,9.85,3.618,-8.28,1.0,1,straight_drive
53.19,47.98,5.437,90.08,0.5998,0,defensive
113.34,25.51,3.138,-49.55,0.6066,0,flick
103.28,73.5,6.771,26.17,0.7059,0,pull
76.16,80.18,6.382,54.41,0.665,0,cut
98.17,59.49,2.928,-49.92,0.5834,0,flick
89.44,48.59,2.721,38.63,0.972,1,cover_drive
91.26,39.46,3.312,35.83,0.2818,1,defensive
90.63,80.32,5.953,77.98,0.7781,1,cut
86.63,27.46,3.434,42.11,0.5974,1,cover_drive
108.59,61.92,3.196,51.9,0.8427,1,cover_drive
98.44,59.14,6.599,71.81,0.9055,1,cut
111.84,72.1,5.851,22.69,0.8063,0,pull
83.61,30.37,3.624,48.74,0.6828,1,cover_drive
81.94,23.95,2.814,30.88,0.9753,1,straight_drive
90.5,34.9,2.715,24.48,1.0,1,straight_drive
78.5,59.11,4.568,-49.66,0.4257,0,flick
101.77,38.77,2.955,46.97,0.6717,1,straight_drive
92.38,51.25,3.382,-3.11,0.8077,1,straight_drive
86.42,72.86,3.082,-52.04,0.8425,0,flick
62.94,48.22,3.686,-43.51,0.4379,1,defensive
87.95,36.04,3.184,26.87,0.6965,1,cover_drive
99.68,59.12,2.698,-9.21,0.9232,1,flick
102.07,25.56,2.855,9.29,0.7885,1,straight_drive
68.99,39.08,4.098,22.9,0.1348,0,defensive
121.03,81.19,6.829,-36.35,0.6671,0,pull
100.96,35.02,3.332,21.0,0.6211,1,straight_drive
84.28,82.25,7.611,-7.47,0.5528,1,pull
65.14,59.27,4.082,-0.76,1.0,0,defensive
78.81,65.13,3.467,-55.22,0.7151,1,flick
95.9,57.14,2.826,33.51,0.8458,1,straight_drive
105.76,37.04,3.186,58.69,0.705,1,cover_drive
84.7,31.48,6.331,56.69,0.4806,0,cut
97.26,51.21,3.471,41.81,0.8924,1,straight_drive
88.37,63.21,2.56,-64.93,0.6404,1,flick
68.6,44.49,4.85,-25.08,0.4315,1,defensive
90.75,32.74,3.362,38.56,0.6342,1,cover_drive
82.78,48.26,4.229,-16.3,0.8187,1,flick
101.99,33.05,3.331,60.1,0.7195,1,cover_drive
73.5,42.23,3.523,-30.3,0.7709,1,flick
96.06,42.07,3.858,-52.73,0.9117,1,flick
90.38,64.32,7.609,-12.35,0.6707,0,pull
57.83,31.64,4.136,-6.57,0.829,1,defensive
99.75,77.84,6.064,64.5,0.5807,1,cut
106.79,68.67,5.628,74.57,0.8541,0,cut
100.66,30.24,4.726,43.02,0.6461,1,defensive
96.86,82.27,6.044,69.79,0.7564,0,cut
82.0,39.92,3.135,-50.44,0.6476,0,flick
80.87,44.39,2.295,63.43,0.9164,1,cover_drive
97.15,65.4,3.12,-26.77,0.7635,1,flick
97.9,66.1,6.805,44.16,0.5817,0,cut
106.03,74.1,5.34,25.82,0.7941,0,cut
92.28,44.09,2.095,-18.26,0.7886,1,straight_drive
97.48,41.67,3.595,59.02,0.5938,1,cover_drive
94.02,57.59,3.235,69.26,0.813,1,cover_drive
91.09,74.29,5.227,96.89,0.8063,0,cut
104.47,59.02,4.114,-56.12,0.8537,1,flick
89.23,93.04,7.496,-18.11,0.7656,0,pull
90.4,91.83,6.612,55.66,0.5005,0,cut
84.98,75.52,6.589,-39.03,0.6689,0,pull
80.49,59.22,5.615,-8.57,0.6606,0,pull
85.98,30.3,4.229,-18.31,0.576,1,flick
108.54,48.26,3.773,4.05,0.8376,1,straight_drive
86.02,41.6,3.961,-58.42,0.611,1,flick
88.55,62.34,6.145,9.83,0.83,0,pull
90.56,59.14,5.542,88.93,0.9241,0,cut
93.37,21.62,2.62,82.84,0.7413,1,cover_drive
95.19,80.82,6.167,9.06,0.7532,0,pull
111.4,85.16,4.929,41.44,0.6792,0,cut
114.73,29.59,3.38,11.58,0.7206,1,straight_drive
75.68,49.18,4.18,-7.21,0.8457,1,flick
62.99,24.58,3.888,-38.31,0.5549,1,defensive
86.79,36.45,3.229,57.38,0.8214,1,cover_drive
83.1,80.21,5.942,3.05,0.5721,1,cut
75.8,55.45,4.85,39.05,0.3945,0,defensive
85.87,55.76,3.906,-1.52,0.4768,0,defensive
94.12,61.02,6.095,110.8,0.7535,0,cut
81.4,85.47,6.361,-26.2,0.7371,0,pull
79.18,94.11,4.288,48.73,0.8753,1,cut
94.85,76.86,6.383,48.02,0.6411,0,cut
71.78,20.78,3.455,-38.93,0.8006,1,flick
76.5,55.76,6.755,109.07,0.708,0,cut
102.6,62.52,6.279,82.27,0.7512,0,cut
105.37,24.44,3.21,13.93,0.8536,1,straight_drive
89.38,64.21,6.209,92.24,0.7154,1,cut
90.5,47.96,7.439,9.04,1.0,0,pull
95.04,83.9,6.352,54.25,0.8272,0,cut
67.97,13.2,4.614,17.13,0.4141,1,defensive
69.79,45.69,3.574,38.62,0.5509,0,defensive
112.64,88.23,7.475,3.32,0.6751,0,pull
96.18,35.57,2.73,37.45,0.9537,0,straight_drive
78.48,46.05,2.808,32.32,0.6593,1,cover_drive
100.43,11.5,3.118,70.75,0.7165,0,cover_drive
94.29,12.55,4.293,104.44,0.5858,1,cover_drive
89.9,72.5,7.094,-35.77,0.7423,0,pull
94.49,72.32,5.131,-23.29,0.7811,0,pull
80.33,68.71,3.455,78.2,0.5895,1,cover_drive
101.75,49.72,3.067,13.77,0.8104,0,straight_drive
93.51,67.73,6.289,-5.26,0.6104,0,pull
81.95,74.16,4.763,3.84,0.7684,1,pull
91.96,66.0,5.282,74.67,0.9119,1,cut
90.94,5.93,3.837,36.87,0.6198,0,straight_drive
92.34,49.72,3.566,72.78,0.6815,1,cover_drive
114.45,67.54,6.482,-35.41,0.783,0,pull
98.97,62.8,4.112,-71.45,0.7064,0,flick
93.02,29.8,3.972,-80.14,0.4799,1,flick
80.84,69.57,2.287,2.58,0.5799,1,defensive
99.45,47.25,2.517,17.12,0.8176,1,straight_drive
87.36,55.39,4.001,-41.41,0.6728,1,flick
88.87,33.38,3.775,-72.16,0.7829,1,flick
81.66,53.71,4.055,-73.87,0.5742,1,flick
72.09,33.98,3.794,66.61,0.6243,1,cover_drive
88.89,80.46,6.051,-20.93,0.8775,0,pull
76.49,32.64,2.339,18.36,0.9849,1,straight_drive
90.24,65.08,6.577,118.56,0.8981,1,cut
98.46,50.1,5.578,-20.15,0.3683,1,defensive
97.23,41.79,3.018,51.09,0.7425,1,cover_drive
78.61,39.4,6.398,5.09,0.9081,0,pull
54.54,27.16,5.939,-30.75,0.4043,0,defensive
72.18,30.28,7.264,65.03,0.6375,0,cut
64.87,50.28,5.362,12.1,0.5156,0,defensive
107.24,66.0,8.038,-23.42,0.6141,1,pull
86.08,74.08,7.501,56.63,0.7653,0,cut
61.47,63.32,2.984,-26.2,0.7251,1,flick
67.79,45.84,6.253,11.2,0.4782,0,defensive
95.79,24.91,2.766,-47.94,0.5818,1,flick
99.6,78.12,7.915,26.22,0.5062,0,pull
94.3,67.61,6.116,75.0,1.0,1,cut
102.64,56.72,5.715,55.3,0.4648,0,cut
46.42,53.08,3.481,-12.12,0.4875,0,defensive
71.71,78.73,5.909,63.72,0.7349,1,cut
103.54,46.62,2.956,55.85,0.6762,1,straight_drive
81.33,81.31,5.837,-44.96,0.8212,1,pull
95.96,24.32,4.4,14.71,0.6592,1,defensive
102.68,108.83,6.71,37.31,0.5212,0,pull
76.28,88.39,2.969,22.67,0.5507,1,defensive
100.91,45.26,3.28,74.52,0.6962,1,cover_drive
103.54,69.4,5.245,42.85,0.7681,0,cut
68.5,28.39,1.649,30.98,0.6424,1,defensive
90.17,50.94,6.814,-12.87,0.5488,1,pull
79.08,58.03,4.276,-28.94,0.6251,1,defensive
95.16,21.42,3.021,27.75,0.7827,1,straight_drive
86.31,27.6,2.008,25.86,0.7134,1,cover_drive
88.83,49.47,3.239,-53.92,0.7319,1,flick
90.95,19.56,2.955,44.47,0.6758,1,cover_drive
98.21,71.09,6.419,25.99,0.6618,0,pull
89.08,29.53,3.214,-36.87,0.8001,1,flick
107.1,69.2,6.748,7.03,0.3116,0,pull
98.54,73.07,6.978,88.55,0.9426,0,cut
105.63,65.45,5.923,77.13,0.7176,1,cut
116.56,55.56,6.376,-60.94,0.5897,0,pull
75.34,75.78,5.829,-37.09,0.9062,1,pull
84.2,74.47,6.851,83.53,0.8887,1,cut
83.42,21.86,3.978,-48.61,0.8022,1,flick
85.39,58.66,3.576,0.02,0.7158,1,straight_drive
83.94,57.09,6.566,-8.31,0.702,0,pull
89.71,0.0,2.708,73.61,0.8345,1,cover_drive
82.14,59.84,3.935,-9.3,0.7226,1,flick
88.47,17.13,2.635,23.59,0.7671,1,straight_drive
89.4,53.32,4.188,-81.67,0.7459,1,flick
90.24,49.93,3.286,4.56,0.6712,1,straight_drive
92.67,71.41,6.485,13.02,0.7482,0,pull
103.77,65.31,5.595,32.62,0.7054,0,cut
91.12,46.61,5.949,61.77,0.5296,1,defensive
97.37,20.36,2.379,32.46,0.787,1,straight_drive
94.25,75.24,6.8,66.52,0.7687,1,cut
109.95,28.31,3.249,84.8,0.6243,1,cover_drive
105.4,76.48,6.022,72.23,0.737,0,cut
49.76,29.31,2.964,-27.26,0.7361,1,defensive
48.89,24.6,4.404,-8.7,0.455,1,defensive
95.19,76.7,3.798,-14.03,0.7444,1,flick
74.11,57.83,3.123,-11.67,0.3865,1,flick
98.74,69.74,5.493,85.59,0.8665,1,cut
96.26,39.31,3.461,-39.04,0.7538,1,flick
109.54,83.32,6.688,-23.13,0.9585,0,pull
110.68,72.75,6.761,8.02,0.3773,0,pull
105.52,54.13,6.232,34.59,0.8289,0,cut
79.96,78.28,6.317,40.19,0.705,0,cut
100.59,45.08,1.98,44.03,0.5768,1,cover_drive
84.18,52.29,4.185,3.51,0.3832,1,defensive
90.96,41.48,3.02,25.22,0.8103,1,straight_drive
68.63,56.99,5.515,-4.66,0.3312,1,defensive
84.13,47.69,2.736,-1.75,0.7083,1,straight_drive
58.09,35.33,2.413,65.91,0.5612,1,defensive
85.81,32.29,3.006,53.54,0.8092,1,cover_drive
93.52,40.13,4.569,-19.92,0.655,1,flick
85.45,60.62,6.109,19.28,0.8225,0,pull
92.12,79.05,3.611,-59.51,0.669,1,flick
76.4,47.35,3.988,61.74,0.6888,1,cover_drive
85.36,32.78,3.575,23.68,0.8513,1,defensive
92.08,44.82,2.692,13.81,0.718,1,straight_drive
78.79,101.68,5.402,-4.92,0.9125,0,pull
101.75,53.91,2.619,19.93,0.941,1,straight_drive
86.25,47.68,4.398,-25.37,0.487,0,defensive
115.44,52.11,5.783,-17.24,0.6462,0,pull
105.19,40.1,2.955,34.06,0.5993,1,straight_drive
90.1,34.21,2.097,26.19,0.7211,1,straight_drive
105.99,41.55,4.697,-16.97,0.4254,1,defensive
88.36,96.58,6.825,74.08,0.7868,0,cut
82.26,71.91,5.422,59.33,0.7659,1,cut
74.5,31.35,3.025,-24.64,0.7328,1,straight_drive
74.66,66.78,6.364,43.61,0.5458,0,cut
78.59,64.51,6.645,-14.54,0.3647,0,pull
127.98,35.16,2.946,7.42,0.8367,0,straight_drive
90.28,58.62,4.064,1.8,0.7156,1,defensive
78.38,70.33,4.109,-62.19,0.5127,0,flick
99.26,75.73,6.543,-5.4,0.3971,1,pull
104.68,56.82,4.817,-0.54,0.6616,0,defensive
64.97,57.49,6.275,45.14,0.4916,0,cut
93.11,27.52,2.801,55.49,0.6412,1,cover_drive
75.18,75.45,4.859,24.95,0.5965,1,defensive
128.65,28.25,2.185,-8.37,0.6413,1,straight_drive
93.4,83.54,5.373,67.14,0.6274,0,cut
104.3,72.35,7.34,-39.49,0.3712,1,pull
91.1,38.96,3.402,36.82,0.6754,1,cover_drive
90.04,49.03,2.718,34.91,0.8075,1,straight_drive
52.75,63.64,4.853,22.31,0.871,0,defensive
79.53,57.87,7.027,57.82,0.8006,0,cut
96.99,30.51,6.301,119.45,0.924,0,cut
101.43,81.98,4.927,95.94,0.7359,0,cut
111.11,46.86,2.946,56.04,0.6306,1,cover_drive
87.86,9.71,3.94,70.54,0.6494,1,cover_drive
99.83,36.49,2.873,29.33,0.7572,1,straight_drive
95.92,32.56,3.168,28.57,0.9372,1,cover_drive
69.27,53.14,2.618,19.46,0.8686,1,straight_drive
104.14,60.53,6.874,-28.56,0.7045,0,pull
74.54,41.13,3.162,3.75,0.4186,1,defensive
83.26,78.56,7.257,-12.21,1.0,1,pull
95.52,52.87,4.081,13.01,0.6555,1,straight_drive
91.86,74.27,7.069,39.93,0.7334,1,cut
100.97,37.41,6.745,97.45,0.6915,0,cut
99.04,86.69,6.847,-1.21,0.7243,1,pull
105.33,94.59,5.218,80.78,0.4251,0,cut
95.68,20.94,2.936,52.84,0.8011,0,cover_drive
82.18,49.64,3.673,-15.18,0.8201,1,defensive
97.25,77.75,5.65,49.16,0.5005,1,cut
95.58,37.58,2.408,-18.08,0.8955,1,straight_drive
102.73,23.64,2.937,-8.52,0.9229,1,straight_drive
84.78,30.61,3.534,56.71,0.7951,1,cover_drive
76.88,40.61,6.654,40.27,0.701,0,cut
92.89,70.02,5.879,13.42,0.5168,0,pull
61.52,51.78,3.236,6.57,0.518,1,defensive
82.42,44.63,3.612,5.87,0.5449,0,straight_drive
100.71,34.14,3.097,-10.15,0.6389,1,straight_drive
101.86,38.9,4.039,-78.13,0.7218,0,flick
84.77,77.16,7.162,70.01,0.7015,1,cut
51.84,23.41,4.964,11.88,0.6447,1,defensive
50.76,15.08,5.147,23.49,0.6928,1,defensive
121.48,98.98,5.508,-29.04,0.699,0,pull
123.03,33.41,3.472,-1.18,0.4424,0,defensive
105.87,83.74,6.806,-6.24,0.8636,0,pull
63.0,54.88,4.207,-6.77,0.6345,1,defensive
87.49,82.01,5.01,99.68,0.7956,1,cut
98.34,61.95,7.006,2.08,0.5498,0,pull
99.71,33.84,3.416,18.67,0.8672,1,straight_drive
87.37,98.7,6.599,98.56,0.7428,0,cut
111.37,37.31,2.792,-2.58,0.7514,1,straight_drive
95.21,40.93,2.912,1.45,0.7208,1,straight_drive
91.1,31.56,3.288,3.62,0.7386,1,straight_drive
72.29,90.68,5.454,51.72,0.6537,0,cut
97.32,42.22,4.382,-68.92,0.6602,0,flick
95.09,30.03,3.526,0.69,0.8846,1,straight_drive
79.05,47.31,4.019,85.11,0.493,1,defensive
106.29,34.44,2.037,22.56,0.5656,0,cover_drive
112.24,47.73,6.649,110.21,0.9841,0,cut
103.05,55.13,3.911,-72.82,0.6673,0,flick
60.38,35.39,4.573,-6.97,0.3512,0,defensive
104.76,61.97,4.656,-27.3,0.5748,0,flick
80.31,25.0,3.329,-42.25,1.0,1,flick
96.72,75.65,6.467,49.11,0.5867,0,cut
81.05,43.15,3.62,34.62,0.6993,1,straight_drive
109.76,42.59,2.87,83.62,0.7821,1,cover_drive
79.95,24.13,3.334,-45.64,0.796,1,flick
102.95,37.15,5.553,-57.83,0.7584,0,pull
114.92,44.42,3.322,18.12,0.7459,0,defensive
82.59,50.57,5.572,74.3,0.6525,1,cut
79.95,51.36,2.075,-66.01,0.8342,0,flick
76.18,26.98,4.67,-8.96,0.6021,0,defensive
82.08,40.46,2.64,87.46,0.8428,1,straight_drive
102.54,75.16,5.907,-9.36,0.9026,0,pull
84.92,48.37,3.906,-59.63,0.643,0,flick
77.93,59.65,6.688,105.35,0.6696,1,cut
110.91,49.86,3.017,11.57,0.7952,1,straight_drive
101.75,79.11,6.452,-1.49,0.494,0,pull
96.69,75.96,3.345,-72.7,0.6763,1,flick
98.42,66.64,5.732,95.46,0.6079,0,cut
103.57,26.45,3.661,57.34,0.733,1,cover_drive
77.06,61.55,5.936,83.32,0.614,0,cut
86.0,45.92,3.607,-60.61,0.7602,1,flick
84.83,21.65,2.96,-18.55,0.8231,1,straight_drive
83.6,39.02,4.678,-32.06,0.7024,1,flick
95.44,41.93,2.995,46.88,0.63,1,cover_drive
85.38,44.05,3.623,53.93,0.435,1,cover_drive
99.14,23.0,3.22,35.61,0.4935,1,cover_drive
84.18,44.14,3.698,50.66,0.8396,1,cover_drive
102.51,52.68,3.473,52.67,0.7505,1,cover_drive
97.89,21.88,3.503,46.33,0.7472,1,cover_drive
92.89,41.61,2.434,28.66,0.8567,1,cover_drive
58.13,54.3,4.274,-13.21,0.7958,1,defensive
102.92,85.07,7.481,5.07,0.5971,0,pull
91.03,50.85,3.385,-74.02,0.5873,0,flick
83.77,48.44,4.88,-27.39,0.7786,1,defensive
47.49,67.88,4.271,-81.36,0.3855,1,defensive
95.82,40.77,4.873,-34.5,0.3611,1,defensive
96.61,60.95,6.1,-14.34,0.4994,0,pull
117.12,92.83,5.138,0.51,0.7573,0,pull
93.82,50.32,3.228,31.02,0.545,1,cover_drive
80.45,73.34,5.931,99.01,0.851,1,cut
110.9,8.25,3.067,14.65,0.7459,1,straight_drive
79.06,62.8,6.804,59.73,0.9989,1,cut
100.84,40.13,2.492,-8.44,0.7753,1,straight_drive
79.9,73.55,3.422,-17.52,0.6226,1,flick
98.67,57.66,6.77,-36.17,0.8154,0,pull
80.61,44.92,3.437,9.52,0.4785,1,defensive
70.53,65.99,3.037,-56.52,0.6539,1,flick
94.41,78.44,5.136,53.69,0.7636,1,cut
88.34,34.85,2.91,54.09,0.6342,1,cover_drive
103.02,72.55,6.728,-53.67,0.8141,0,pull
83.74,55.44,5.34,88.14,0.9918,0,cut
91.71,35.45,3.047,57.17,0.5885,1,cover_drive
77.84,43.52,3.726,-5.56,0.3066,1,defensive
114.92,72.96,5.251,26.5,0.6595,1,cut
94.18,43.54,3.33,37.48,0.7804,1,cover_drive
83.75,33.75,3.168,14.85,0.8421,0,straight_drive
79.47,32.33,6.597,14.2,0.677,0,pull
87.38,81.89,3.646,-14.16,0.7048,0,flick
87.34,31.59,6.009,-21.27,0.5149,0,pull
98.2,41.98,3.77,31.6,0.5595,1,straight_drive
95.73,76.84,7.12,49.68,0.6,1,cut
82.75,48.17,5.28,61.52,0.9892,0,cut
95.45,51.71,4.033,-80.88,0.7565,1,flick
88.25,25.96,3.887,15.48,0.7555,1,straight_drive
88.82,20.2,3.541,14.69,0.7916,0,straight_drive
111.82,78.68,7.168,27.92,0.5262,0,pull
95.98,82.61,6.11,-15.03,0.7048,0,pull
97.54,77.85,4.002,-62.94,0.8668,1,flick
97.19,52.63,3.094,-59.53,0.8092,1,flick
112.96,82.3,7.348,23.16,0.7579,0,pull
88.2,19.35,3.88,-43.11,0.5748,1,flick
107.77,51.6,5.634,77.53,0.5939,0,cut
94.39,33.93,3.252,89.52,0.5633,1,cover_drive
86.79,37.57,3.051,23.23,0.8673,1,straight_drive
100.61,37.43,2.572,-8.17,0.5186,0,straight_drive
99.08,53.29,5.734,-16.74,0.6088,0,pull
89.4,34.71,7.33,3.13,0.5826,0,pull
82.26,44.91,3.459,6.14,0.6228,1,straight_drive
68.87,33.85,5.271,4.49,0.8757,1,defensive
82.6,63.3,5.477,69.74,0.3924,0,cut
103.12,61.7,6.122,-29.43,0.4579,0,pull
106.24,46.64,2.627,64.56,0.8218,1,straight_drive
90.36,48.62,5.861,63.61,0.6453,0,cut
109.38,16.19,3.199,70.58,0.9106,0,cover_drive
104.95,80.76,6.712,28.57,0.5878,0,cut
87.58,18.56,2.316,36.88,0.776,1,straight_drive
63.97,45.51,3.79,-10.88,0.6735,0,defensive
89.22,24.69,2.641,5.76,1.0,1,straight_drive
110.44,29.0,3.124,12.48,0.7833,1,straight_drive
94.02,59.22,6.026,115.85,0.7291,1,cut
103.78,45.9,2.931,50.7,0.7086,1,cover_drive
87.3,37.61,2.447,30.13,0.6614,1,straight_drive
102.72,39.15,2.937,23.18,0.7897,1,straight_drive
99.54,15.93,2.728,39.67,0.615,1,cover_drive
87.01,32.78,3.111,5.9,0.8422,1,straight_drive
90.44,27.48,5.278,40.17,0.7738,0,cut
58.17,46.57,3.812,-7.7,0.7538,0,defensive
98.12,40.71,6.168,67.99,0.6815,1,cut
85.72,64.47,6.714,60.74,0.7999,1,cut
109.98,2.0,2.107,27.76,0.5649,1,cover_drive
84.96,74.57,6.705,49.09,1.0,1,cut
83.4,30.24,3.275,25.33,0.6152,1,straight_drive
98.31,73.01,5.628,54.69,0.8334,0,cut
80.23,70.11,5.633,16.14,0.8249,0,cut
83.37,32.05,3.53,7.56,1.0,1,straight_drive
101.55,32.68,2.957,-52.6,0.5171,1,flick
84.9,47.55,2.487,4.23,0.5364,0,straight_drive
88.75,33.85,3.421,12.64,0.8184,1,straight_drive
62.32,44.38,3.888,-44.54,0.7525,0,flick
95.01,54.55,2.973,-35.43,0.6876,1,flick
72.58,31.44,2.972,27.17,0.8815,1,straight_drive
89.5,39.43,7.043,-18.8,0.5727,0,pull
83.02,55.28,4.153,9.64,0.834,1,flick
95.67,68.49,5.919,18.24,0.9773,0,cut
111.16,39.39,3.529,43.65,0.674,1,cover_drive
77.25,38.93,3.977,62.88,0.6616,1,defensive
93.14,28.42,2.761,32.28,0.7619,1,straight_drive
72.81,19.49,5.375,22.57,0.4924,0,defensive
112.53,57.87,6.249,58.5,0.8524,0,cut
58.46,56.41,4.666,61.44,0.5911,0,defensive
93.54,77.58,5.36,84.29,0.698,1,cut
100.71,85.81,6.856,-30.73,0.6889,0,pull
92.1,73.83,6.844,92.38,0.9191,0,cut
103.2,49.33,2.831,6.8,0.6278,0,straight_drive
97.97,52.81,3.582,-44.59,0.686,1,flick
92.12,6.71,2.799,25.38,0.7783,1,straight_drive
99.87,12.43,2.917,83.2,0.7362,1,cover_drive
104.02,43.41,2.817,14.43,0.7724,0,straight_drive
101.68,31.97,2.33,62.57,0.5875,1,cover_drive
95.39,60.16,3.628,17.38,0.6225,1,straight_drive
105.27,54.9,5.43,-5.16,0.7242,0,pull
98.12,61.4,6.763,23.21,0.9376,0,pull
92.41,26.41,2.8,3.81,0.8782,1,straight_drive
88.6,22.97,3.036,56.8,0.809,1,cover_drive
97.43,26.18,3.31,17.67,0.7416,1,straight_drive
95.17,74.01,5.691,38.69,0.8209,0,cut
88.45,73.27,3.707,-3.39,0.2166,1,defensive
84.52,67.37,2.999,11.47,0.9261,1,straight_drive
80.56,74.24,6.818,5.6,0.587,0,pull
58.23,40.49,4.559,46.18,0.4136,1,defensive
82.6,38.36,2.756,0.71,0.6357,1,straight_drive
108.0,7.16,3.585,27.48,0.6723,1,cover_drive
91.35,35.11,3.318,15.15,0.8043,1,straight_drive
86.53,65.87,3.636,-85.44,0.8234,0,flick
101.13,57.34,5.252,86.73,0.6757,0,cut
91.46,39.34,3.074,-1.81,0.7181,1,straight_drive
51.3,77.47,5.195,72.09,0.407,1,defensive
95.71,38.61,3.945,-42.68,0.6048,1,flick
79.75,101.58,6.057,-24.64,0.8721,0,pull
75.19,37.64,3.531,44.71,0.7982,1,straight_drive
92.95,58.57,2.7,18.11,0.6463,1,straight_drive
100.38,20.1,2.196,75.79,0.8741,1,cover_drive
92.61,28.83,4.896,26.11,0.5802,1,defensive
106.32,77.74,6.259,-52.76,0.7224,0,pull
105.61,29.68,3.982,-9.92,1.0,1,straight_drive
96.13,49.68,3.276,-78.31,0.9388,1,flick
95.29,46.83,7.93,46.6,0.7224,0,pull
98.86,45.08,2.11,45.72,0.6581,0,cover_drive
101.66,16.25,2.795,87.55,0.7193,1,cover_drive
92.12,26.25,3.636,-18.56,0.7604,1,straight_drive
102.87,30.54,4.009,24.33,0.6914,1,straight_drive
69.29,50.33,5.722,39.55,0.5042,0,defensive
100.28,40.17,4.173,-4.94,0.7931,1,straight_drive
60.15,24.4,4.096,20.61,0.5643,1,defensive
97.92,59.77,6.195,74.24,0.6925,1,cut
103.69,44.12,6.372,11.35,0.4231,1,pull
93.13,76.65,6.154,33.61,0.6838,0,pull
70.14,24.59,4.24,86.87,0.5631,1,defensive
74.84,28.31,2.899,46.61,0.8627,1,straight_drive
100.48,51.16,3.826,-55.3,0.7972,1,flick
52.27,44.19,4.38,35.02,0.4785,1,defensive
77.55,35.95,4.2,76.32,0.6658,1,cover_drive
76.7,78.2,6.236,85.8,0.8774,0,cut
81.31,22.98,3.009,40.69,0.8148,1,straight_drive
67.34,7.06,5.463,17.72,0.4261,1,defensive
111.11,50.59,2.423,38.88,0.8879,0,straight_drive
100.79,89.48,7.202,-52.88,0.8472,1,pull
105.94,84.77,5.962,31.58,0.6078,0,cut
112.83,69.99,6.357,27.49,0.7482,0,pull
96.4,63.3,6.601,62.43,0.7072,1,cut
109.51,30.26,4.339,58.71,0.5097,1,cover_drive
99.38,75.53,5.591,49.12,0.8024,0,cut
76.31,29.62,4.115,-41.01,0.6021,1,flick
83.16,45.49,2.738,19.98,0.5348,1,straight_drive
84.09,56.12,6.051,7.47,0.865,0,cut
82.7,64.82,3.802,-28.55,0.6012,1,flick
95.15,36.01,3.191,-9.41,0.9133,1,straight_drive
77.66,35.83,3.394,20.66,0.7476,1,straight_drive
88.77,32.86,3.306,4.75,0.662,0,flick
103.23,47.59,3.168,-42.05,0.9353,0,flick
103.03,41.51,3.041,-36.4,0.5082,1,flick
109.06,72.07,4.232,-38.09,0.6036,0,defensive
110.19,68.04,3.33,-29.52,0.4533,1,flick
81.67,26.53,3.083,-15.01,0.718,1,straight_drive
85.11,42.15,4.002,-79.01,0.8797,1,flick
82.66,37.2,3.557,-8.05,0.4328,1,defensive
80.45,41.16,3.671,20.49,1.0,1,cover_drive
79.74,81.54,5.828,61.47,0.7124,0,cut
74.61,57.19,3.298,18.49,1.0,1,defensive
58.68,33.75,4.223,-29.3,0.5609,0,defensive
70.33,44.73,4.444,-43.74,0.9619,1,flick
83.46,81.36,5.782,37.88,0.7472,0,cut
107.19,59.69,6.2,75.11,0.6395,0,cut
85.47,31.24,3.165,-20.18,0.8909,1,straight_drive
97.67,34.64,2.679,1.08,0.6897,1,straight_drive
98.12,53.93,6.186,81.56,0.764,0,cut
83.71,53.6,3.207,-48.92,0.8086,1,flick
120.92,45.48,3.262,-2.87,0.8254,1,straight_drive
83.32,43.7,2.907,-41.5,0.7833,1,flick
97.76,91.63,7.526,-14.84,0.6962,0,pull
95.0,41.24,2.619,66.53,0.8467,1,cover_drive
70.87,40.52,2.825,41.61,0.6535,1,cover_drive
82.9,67.67,5.435,16.21,0.8257,0,pull
93.72,26.31,3.37,-45.38,0.9756,1,flick
80.94,86.73,7.158,-30.79,1.0,0,pull
112.27,33.02,2.985,72.49,0.7184,1,cover_drive
94.74,9.45,2.938,54.45,0.7295,1,cover_drive
97.32,24.4,3.592,3.53,0.6772,1,straight_drive
93.35,34.14,2.802,19.55,0.8211,1,straight_drive
107.11,37.52,3.421,-34.21,1.0,1,flick
89.65,40.45,5.968,-73.53,0.4667,0,defensive
100.38,83.52,5.733,73.07,0.8527,0,cut
91.62,48.88,5.166,-60.58,0.814,1,flick
98.65,17.69,3.405,44.16,0.6386,1,cover_drive
91.44,62.7,6.593,48.39,0.6406,0,cut
87.76,22.73,4.177,54.56,0.4954,1,defensive
113.91,34.77,2.763,21.09,0.8234,1,straight_drive
90.3,65.56,5.662,49.94,0.7901,0,cut
83.71,44.04,3.939,-44.79,0.813,1,flick
95.43,19.96,3.378,14.96,0.7042,1,defensive
79.97,42.89,2.661,45.75,0.7296,1,cover_drive
108.49,89.1,6.781,-36.85,0.5824,1,pull
74.21,42.75,5.623,-39.18,0.5165,1,defensive
96.08,3.18,3.251,70.05,0.8423,1,cover_drive
119.42,56.7,5.498,-37.19,0.6368,1,flick
97.25,49.68,2.484,13.16,0.6838,1,straight_drive
72.57,59.38,4.957,-60.52,0.5786,0,flick
93.07,109.3,6.881,56.4,0.6903,1,cut
91.46,73.76,6.033,-28.79,0.6172,0,pull
104.73,98.23,7.793,-20.96,0.5687,0,pull
75.9,35.13,3.542,-53.25,0.622,1,flick
100.54,62.38,4.158,28.56,0.8065,1,cover_drive
99.08,84.82,6.932,8.0,0.6557,0,pull
93.27,52.31,2.948,-42.5,0.6611,1,flick
80.35,65.52,2.524,65.65,0.7435,0,defensive
107.35,34.47,3.3,-2.51,0.7151,1,straight_drive
83.52,50.94,3.451,-13.89,0.3448,1,defensive
98.86,79.02,6.071,89.44,0.4836,0,cut
118.77,59.26,7.951,-11.89,0.744,0,pull
72.55,71.71,5.046,-46.92,1.0,1,flick
90.58,49.42,5.505,125.04,0.7818,0,cut
66.07,64.29,4.681,0.8,0.6622,1,defensive
58.34,54.03,5.29,1.03,0.4958,1,defensive
73.36,39.66,4.341,-79.08,0.7166,1,flick
110.65,45.34,3.207,66.44,0.6189,1,cover_drive
87.27,40.49,3.46,-9.55,0.3674,1,defensive
93.1,36.31,3.385,65.75,0.7782,1,cover_drive
74.92,40.89,3.438,17.12,0.7597,1,straight_drive
110.36,42.44,3.536,50.2,0.7548,1,cover_drive
64.13,9.88,3.432,26.27,0.5679,1,defensive
87.08,71.98,5.514,-7.25,0.7651,0,pull
103.4,84.01,5.615,35.64,0.4726,1,cut
81.96,52.77,4.458,-13.61,0.9104,1,flick
115.55,87.58,7.133,31.09,0.9466,0,pull
101.61,45.69,2.847,7.76,0.7974,1,straight_drive
99.28,80.09,6.259,-4.92,0.641,0,cut
64.27,56.37,4.681,-23.64,0.772,1,defensive
113.85,20.53,3.31,24.82,0.7686,0,straight_drive
103.45,75.29,4.937,78.16,0.5687,0,cut
79.68,31.14,2.682,35.08,0.7024,1,straight_drive
72.04,31.05,3.663,-57.02,0.4782,0,flick
99.48,39.33,1.668,38.74,0.8344,1,cover_drive
99.03,57.29,6.082,65.4,0.6777,1,cut
67.72,44.72,3.718,-77.35,0.6515,1,flick
82.01,49.15,3.88,-31.32,0.8567,1,flick
110.67,24.06,2.301,14.87,0.6269,1,straight_drive
110.15,82.5,7.11,33.9,0.7445,0,pull
77.92,61.76,6.833,72.15,0.8493,0,cut
71.79,41.14,6.327,-2.31,0.3099,1,defensive
78.71,55.54,6.231,68.2,0.6023,1,cut
114.89,65.34,6.197,11.24,0.8455,0,cut
91.06,41.85,2.497,55.82,0.6931,1,cover_drive
86.52,42.09,4.205,-3.12,0.5852,0,flick
64.16,52.77,5.523,-19.2,0.7876,1,defensive
101.57,56.72,4.736,-0.74,0.6938,0,flick
90.01,56.53,3.63,34.83,0.9229,1,cover_drive
83.72,70.13,3.749,-109.77,0.8314,1,flick
87.33,82.69,7.206,37.19,0.5948,1,pull
102.79,73.0,6.597,79.2,0.9318,1,cut
92.97,37.39,2.781,19.96,0.7345,1,straight_drive
89.29,31.21,3.207,38.56,1.0,1,cover_drive
92.86,30.49,2.787,0.37,0.9013,1,straight_drive
78.39,57.83,3.756,-25.43,0.3116,1,defensive
78.32,59.0,3.013,-48.5,0.863,0,flick
91.57,39.36,3.656,87.0,0.795,1,cover_drive
52.99,29.35,5.087,-0.53,0.589,1,defensive
112.85,23.18,3.975,42.05,1.0,1,cover_drive
113.05,58.09,3.651,-7.3,0.7333,1,flick
89.59,78.02,5.883,-66.27,0.6686,0,pull
82.37,55.37,3.928,-2.46,0.3823,1,defensive
91.37,61.33,7.174,-20.01,0.8466,1,pull
99.39,43.28,3.444,44.32,0.7028,1,cover_drive
102.07,31.19,3.206,74.92,0.6593,1,cover_drive
96.55,62.43,5.177,108.91,0.4348,0,cut
81.23,55.29,2.948,-6.86,0.5059,1,defensive
89.92,40.94,4.12,-80.36,0.6498,1,flick
91.66,55.63,2.53,60.57,0.7392,1,cover_drive
70.51,23.04,4.344,-43.85,0.8144,1,flick
86.73,9.38,3.024,28.96,0.6031,1,cover_drive
83.5,28.75,3.225,-10.22,1.0,1,flick
87.39,49.83,5.063,-7.13,0.6594,1,flick
90.65,31.22,3.181,35.38,0.7734,1,cover_drive
86.07,26.56,2.884,54.11,0.7476,1,cover_drive
76.24,73.2,5.848,63.5,1.0,1,cut
87.11,27.76,3.614,-4.77,0.7564,1,straight_drive
86.98,80.66,5.835,-9.78,0.794,1,pull
110.51,60.17,5.378,86.03,0.806,0,cut
93.03,51.48,4.563,24.13,0.3233,1,defensive
75.54,71.68,7.221,99.88,0.5113,0,cut
88.86,58.63,6.103,-12.92,0.615,0,pull
94.11,80.33,6.93,-5.92,0.668,0,pull
113.62,61.2,7.003,-6.26,0.8549,0,pull
101.84,10.72,2.817,10.41,0.6364,1,straight_drive
106.27,45.22,2.687,43.27,0.64,1,cover_drive
102.72,20.54,2.457,21.8,0.4735,1,straight_drive
91.81,6.03,2.184,44.88,0.9204,1,cover_drive
77.98,93.62,7.293,-8.41,0.7497,0,pull
102.91,45.99,2.269,42.38,0.8209,0,cover_drive
62.61,21.43,5.782,0.78,0.5849,0,defensive
82.04,28.63,3.227,92.76,0.706,1,cover_drive
90.46,68.35,5.292,23.15,0.7436,0,cut
72.67,36.69,3.159,-3.19,0.6359,0,defensive
82.81,46.69,2.286,52.73,0.7985,1,cover_drive
80.64,53.98,5.755,65.56,0.8741,1,cut
98.33,30.27,4.303,29.62,0.5727,1,cover_drive
86.12,67.97,5.521,95.1,0.8492,0,cut
90.27,39.46,3.337,-58.87,0.705,1,flick
92.72,52.41,7.275,57.85,0.6284,0,cut
99.34,38.47,2.639,42.94,0.6994,1,cover_drive
78.45,49.44,2.962,39.74,0.352,1,defensive
87.93,64.55,4.982,64.46,0.7135,1,cut
70.55,35.99,3.542,-70.14,0.6542,1,flick
97.24,68.8,3.77,-50.88,0.6897,0,flick
87.57,95.52,6.122,75.11,0.9419,0,cut
86.45,58.08,5.569,100.18,1.0,0,cut
97.96,49.99,3.246,45.98,0.7185,1,cover_drive
94.74,36.86,2.949,26.06,0.8336,1,straight_drive
85.94,50.56,4.455,-50.31,0.6044,1,flick
115.12,71.97,6.604,-21.53,0.7364,0,pull
88.92,42.03,6.502,-13.95,0.8433,0,pull
77.04,42.98,2.796,-2.39,0.526,0,defensive
88.09,66.17,3.294,-86.27,0.5844,1,flick
91.9,17.87,1.819,80.32,0.5624,1,cover_drive
89.42,52.5,4.469,-56.28,0.736,0,defensive
95.67,37.21,2.807,70.06,0.8524,0,cover_drive
66.43,63.86,3.345,63.18,0.261,0,defensive
83.93,72.3,2.003,28.72,0.5321,1,defensive
95.96,53.18,2.545,46.13,0.6973,1,straight_drive
112.21,36.17,3.592,48.77,0.8208,1,cover_drive
57.72,31.18,2.755,-42.58,0.3722,0,defensive
92.95,45.39,4.053,51.07,0.7556,1,cover_drive
102.61,55.68,6.201,-1.55,0.6837,0,pull
73.68,48.26,2.224,83.94,0.8866,1,cover_drive
91.72,28.74,3.539,-40.14,1.0,1,flick
105.35,54.04,6.527,82.81,0.7384,1,cut
99.47,28.14,4.334,98.17,0.795,0,cover_drive
88.54,58.46,7.849,-9.8,0.7751,0,pull
85.9,101.82,6.027,-27.0,0.8502,0,pull
86.09,38.78,2.723,-82.94,0.6662,0,flick
113.9,59.69,6.383,31.27,0.7027,1,pull
110.41,56.1,6.416,83.62,0.5074,0,cut
104.04,31.22,3.85,-48.24,0.7635,0,flick
99.73,95.68,7.365,-20.24,0.8281,0,pull
59.83,52.81,3.756,-52.3,0.7692,1,flick
77.23,44.37,3.443,-43.52,0.4074,1,flick
61.59,32.25,3.301,-18.2,0.3276,1,defensive
73.97,63.1,3.489,-46.39,0.9035,1,flick
84.6,24.27,2.851,64.69,0.8086,1,cover_drive
109.11,78.25,5.912,-15.33,0.6341,1,pull
93.84,56.83,3.884,34.52,0.3276,0,defensive
87.05,54.52,3.591,-47.65,0.592,1,flick
85.98,41.77,2.815,-17.16,0.7386,1,straight_drive
62.72,50.26,4.974,-5.59,0.2167,0,defensive
92.78,36.6,5.523,-8.32,0.7412,0,pull
86.84,43.32,6.108,25.76,0.4555,1,defensive
79.19,29.77,3.523,19.03,0.6611,1,straight_drive
93.72,51.04,6.177,83.05,0.7682,0,cut
97.49,24.06,3.475,39.32,0.5794,1,cover_drive
65.95,55.29,3.921,1.93,0.865,0,flick
86.97,81.61,5.214,120.89,0.4878,1,cut
92.34,72.05,5.145,-23.99,0.7254,0,pull
86.32,51.82,3.45,19.87,0.6634,1,defensive
80.39,56.3,7.748,73.94,0.865,1,cut
93.18,45.54,2.382,31.31,0.7457,1,straight_drive
96.13,63.25,6.005,26.13,0.8884,0,cut
90.16,41.51,3.911,56.35,0.8182,1,cover_drive
95.6,34.49,3.012,89.87,0.653,0,cover_drive
120.38,34.96,3.459,24.79,0.916,1,straight_drive
94.62,78.6,4.431,33.32,0.5136,0,cut
71.49,52.58,3.345,-57.48,0.7952,1,flick
93.87,68.87,7.579,34.04,0.9128,0,pull
72.61,42.86,4.413,25.6,0.9571,1,defensive
89.27,51.54,5.787,64.02,0.6179,0,cut
76.9,71.19,5.882,67.53,0.6097,0,cut
121.27,58.26,2.603,22.35,0.6718,0,straight_drive
85.97,44.89,3.407,49.57,0.9087,1,cover_drive
88.84,37.07,2.895,-30.43,0.2415,1,defensive
74.72,35.32,3.664,6.05,0.5273,0,defensive
90.1,41.08,5.017,-36.57,0.3067,1,defensive
85.06,31.96,3.126,3.41,0.6237,1,straight_drive
93.8,54.01,3.31,-26.5,0.7458,0,flick
115.93,25.46,3.247,107.69,0.7453,1,cover_drive
83.67,59.72,3.256,58.66,0.9505,1,cover_drive
87.05,62.81,6.158,109.06,0.6828,0,cut
115.49,46.63,3.679,-2.59,0.6741,1,straight_drive
102.02,41.71,3.336,74.58,0.6617,0,cover_drive
84.28,46.95,3.158,69.79,0.7974,1,cover_drive
86.18,35.18,3.169,35.79,0.9365,1,straight_drive
73.36,22.08,3.757,-21.81,0.5198,1,defensive
100.03,62.11,4.876,56.59,0.7797,0,cut
90.59,72.02,7.248,3.44,0.6137,0,pull
69.71,34.23,1.721,31.23,0.7307,1,straight_drive
62.62,61.9,3.41,39.33,0.9233,0,defensive
81.27,73.88,6.436,40.58,0.5751,1,pull
74.68,14.58,4.5,11.71,0.8323,0,defensive
91.22,17.3,2.633,7.95,0.5504,1,defensive
90.2,86.55,5.795,61.46,0.6939,1,cut
92.71,49.97,2.259,-35.62,0.7924,1,flick
87.28,51.04,3.915,-62.77,0.7429,0,flick
105.71,31.63,3.024,-10.39,0.761,1,straight_drive
61.26,31.86,2.532,68.51,0.5684,1,defensive
72.47,62.51,3.512,-47.45,0.8012,1,flick
91.5,77.52,6.674,-24.62,0.8006,0,pull
78.89,90.24,6.051,53.52,0.7101,0,cut
109.55,30.47,3.287,38.18,0.6079,0,cover_drive
95.89,36.36,5.294,19.94,0.5846,0,defensive
97.32,57.16,6.873,-20.59,0.485,0,pull
74.96,29.13,2.703,62.93,0.7597,1,cover_drive
95.5,34.18,2.562,16.36,0.908,1,straight_drive
99.79,75.66,5.975,55.99,0.824,0,cut
79.01,47.09,5.253,-29.14,0.7252,1,flick
70.53,29.92,3.711,16.95,0.6176,1,defensive
79.18,25.4,3.186,51.9,0.624,1,cover_drive
62.82,31.48,2.899,-49.31,0.9015,0,flick
86.67,17.17,3.3,-16.65,0.728,0,flick
65.21,57.3,5.001,78.63,0.6304,1,cut
88.79,53.92,4.289,-46.31,0.4669,1,flick
93.78,42.16,2.855,6.12,0.7947,1,straight_drive
82.78,37.18,3.742,73.75,0.8448,1,cover_drive
111.29,39.23,2.966,85.02,0.5253,1,cover_drive
84.26,28.87,5.908,-20.98,0.7133,0,defensive
62.77,15.84,5.442,11.63,0.6431,1,defensive
87.59,40.94,4.714,-40.95,0.4758,1,flick
89.57,43.99,2.398,12.68,0.6525,1,straight_drive
97.01,73.89,6.402,99.03,0.5545,0,cut
104.14,47.63,4.533,27.55,0.4236,0,defensive
66.36,30.24,2.354,22.72,0.4346,1,defensive
92.94,36.53,3.291,28.42,0.8342,1,straight_drive
65.14,54.88,4.433,-52.43,0.7495,1,flick
82.5,48.58,2.242,66.08,0.7135,1,cover_drive
100.11,6.87,2.57,43.34,0.7243,1,cover_drive
93.12,27.54,6.488,40.93,0.7703,0,cut
100.24,33.98,4.717,-46.11,0.572,1,flick
78.67,39.84,4.887,-7.04,0.4956,1,defensive
109.4,65.65,4.93,-29.12,0.9392,0,flick
97.56,70.0,7.556,-16.15,0.937,0,pull
88.65,73.11,6.644,70.22,0.6672,1,cut
106.97,45.81,6.304,27.4,0.5906,1,defensive
98.84,69.48,6.977,3.75,0.3915,0,pull
74.9,30.18,3.278,11.48,0.7155,1,straight_drive
95.71,37.16,2.606,42.39,0.6115,1,straight_drive
79.84,53.03,4.461,0.06,0.5765,0,defensive
60.13,43.16,3.955,20.21,0.7588,1,defensive
91.18,41.35,2.891,74.89,0.8974,1,cover_drive
96.87,44.84,2.308,29.24,0.7886,1,straight_drive
91.83,86.73,4.532,-21.3,0.703,1,flick
93.15,38.34,3.129,50.72,0.6754,1,cover_drive
89.59,93.53,6.107,82.88,0.6202,0,cut
94.58,73.27,6.304,16.79,0.5395,0,pull
90.68,77.27,5.289,2.21,0.2453,1,defensive
94.83,46.15,2.468,15.01,0.7717,1,straight_drive
103.77,62.76,7.693,-19.37,0.6984,0,pull
84.13,58.76,7.323,-9.84,0.7775,0,pull
100.19,43.12,2.677,10.2,0.7996,1,straight_drive
105.61,38.09,4.886,-58.81,0.8085,1,flick
122.17,49.92,7.191,-17.58,0.1623,1,pull
87.77,18.26,5.1,-5.63,0.5917,1,defensive
67.8,36.57,3.647,-5.97,0.1665,1,defensive
104.6,62.62,3.343,30.38,0.5433,0,straight_drive
78.62,62.1,5.014,35.42,0.707,0,cut
90.91,37.07,6.816,-30.21,0.6939,0,pull
106.77,34.55,2.607,22.59,0.7952,1,straight_drive
71.63,21.76,2.776,-28.6,0.3901,1,defensive
86.98,37.9,5.995,47.32,0.6098,1,cut
61.73,44.76,4.037,27.61,0.4457,1,defensive
112.57,88.65,5.316,38.99,0.701,0,cut
74.1,53.64,3.858,15.68,0.915,1,defensive
98.45,33.69,2.699,76.14,0.661,0,cover_drive
82.09,30.08,2.058,-9.19,0.4486,1,defensive
103.07,32.36,2.376,31.97,0.9199,1,cover_drive
89.34,56.46,3.308,12.14,0.8865,1,straight_drive
81.56,94.67,6.455,89.98,0.5245,0,cut
65.8,22.66,4.357,-4.45,0.451,0,defensive
100.25,58.39,6.735,-8.97,0.7204,0,pull
102.15,92.02,7.288,0.79,0.5393,0,pull
74.68,53.55,3.04,-111.62,0.8883,1,flick
112.04,73.37,7.333,2.65,0.6428,0,pull
95.75,48.88,5.035,-6.06,0.2324,1,defensive
105.05,42.42,3.758,28.56,0.8138,1,straight_drive
97.76,91.04,5.983,96.59,0.7039,0,cut
116.27,18.31,2.836,7.75,0.7215,1,straight_drive
85.04,69.22,6.32,-12.53,0.7513,1,pull
78.26,41.69,2.697,-52.59,0.9493,0,flick
92.99,48.75,2.806,-8.42,0.9042,1,straight_drive
102.77,60.81,5.447,44.36,0.855,0,cut
69.65,52.2,2.92,21.41,0.5999,1,defensive
82.84,39.75,2.941,79.17,0.7381,1,cover_drive
73.22,45.8,6.722,60.45,0.8339,0,cut
102.91,19.78,2.607,47.85,0.5872,0,cover_drive
94.43,14.75,3.081,48.14,0.7291,1,cover_drive
81.56,56.5,5.788,77.73,0.8834,0,cut
67.88,53.18,3.81,-58.49,0.8991,1,flick
97.48,64.38,3.163,-69.13,0.8732,0,flick
104.75,76.72,5.991,73.52,0.9654,0,cut
96.85,49.79,3.034,61.36,0.7984,1,cover_drive
88.19,35.17,3.637,18.99,0.6871,0,cover_drive
95.16,48.18,6.826,-1.61,0.5042,0,pull
102.03,18.21,3.475,42.94,0.6969,1,straight_drive
83.96,42.25,4.51,-44.7,0.5883,1,flick
90.6,58.09,2.95,-11.25,0.8525,1,straight_drive
92.07,71.35,5.774,29.43,0.556,1,cut
93.46,94.8,5.977,82.86,0.5546,0,cut
105.15,40.98,3.826,-38.96,0.4912,0,flick
72.72,84.64,5.969,89.28,0.6052,0,cut
98.19,76.16,6.481,36.38,0.7003,0,cut
107.16,53.06,3.168,-15.45,0.8041,1,straight_drive
100.81,39.51,3.566,46.06,0.714,1,cover_drive
74.31,48.11,3.683,7.29,0.441,1,defensive
114.5,66.27,6.666,0.84,0.7095,0,pull
114.94,39.64,2.797,0.84,0.6143,1,straight_drive
83.88,31.74,2.299,34.78,0.6944,1,cover_drive
87.07,39.45,2.938,47.33,0.8086,1,straight_drive
69.2,43.78,3.692,-40.69,0.7623,1,flick
77.35,34.43,3.013,4.25,0.6805,1,straight_drive
99.56,66.33,2.643,-37.06,0.8463,1,flick
94.32,43.34,3.048,70.41,0.6243,1,cover_drive
98.39,25.83,2.749,-6.53,0.8245,1,straight_drive
98.16,37.39,2.621,30.47,0.564,1,straight_drive
92.12,75.31,6.083,77.72,0.7123,0,cut
107.19,55.39,6.365,78.27,0.5881,1,cut
114.97,35.34,2.009,36.89,0.7121,1,cover_drive
98.23,72.6,6.064,32.26,0.5387,0,cut
86.13,55.7,6.184,-19.02,0.7116,0,pull
96.88,40.88,3.169,-8.76,0.7459,1,straight_drive
107.9,32.22,2.497,5.11,0.5419,1,straight_drive
103.36,58.97,2.173,72.26,0.7934,1,cover_drive
94.57,62.13,3.243,-0.88,0.6507,0,flick
128.7,57.86,6.762,-3.88,0.9513,1,pull
91.69,8.95,3.07,78.39,0.9122,1,cover_drive
96.17,60.33,6.858,25.87,1.0,0,cut
77.06,52.19,5.782,46.2,0.6282,0,cut
75.71,52.14,5.782,55.12,0.7111,1,cut
93.52,44.0,1.899,67.66,0.6552,1,cover_drive
65.27,64.85,3.59,-46.09,0.4845,1,flick
70.19,31.2,2.156,3.59,0.2456,1,defensive
109.26,74.95,6.63,57.32,0.6815,1,cut
97.54,42.42,3.553,-49.93,0.5385,1,flick
74.01,39.24,4.054,-14.97,0.4929,0,defensive
100.25,53.25,2.769,17.94,0.766,1,straight_drive
83.89,48.73,2.656,1.76,0.6177,1,straight_drive
77.61,38.46,3.802,-25.31,0.6648,1,flick
92.63,32.07,3.065,66.21,0.8372,1,cover_drive
108.81,42.51,2.797,3.64,0.8426,1,straight_drive
71.06,45.8,3.834,-15.82,0.6246,1,flick
97.35,39.69,3.366,79.76,0.7515,0,cover_drive
96.17,56.89,6.045,12.1,0.8377,0,pull
110.08,66.66,4.138,-32.07,0.6711,0,flick
75.78,44.85,3.844,-57.82,0.7497,1,flick
71.29,40.54,3.562,55.64,0.6619,1,defensive
62.37,68.83,4.121,-22.28,0.6888,1,flick
101.06,100.2,7.264,-21.27,0.8373,1,pull
91.42,29.21,3.609,60.54,0.8411,1,cover_drive
100.52,70.58,6.998,-15.87,0.586,0,pull
95.78,34.38,2.279,-28.58,0.7991,1,straight_drive
83.0,68.32,5.734,36.59,0.5842,0,cut
39.49,56.03,2.809,-7.98,0.5727,0,defensive
87.46,26.94,2.65,41.56,0.4692,1,cover_drive
76.27,59.49,5.282,10.56,0.6891,1,defensive
102.25,37.21,6.767,67.99,1.0,0,cut
65.1,21.77,3.242,-27.35,0.3046,0,defensive
82.17,61.66,3.693,-49.49,0.903,0,flick
100.14,25.44,5.236,-35.12,0.5466,1,defensive
97.33,33.31,3.165,57.52,0.7397,1,cover_drive
105.45,23.58,2.21,-27.95,0.7362,1,straight_drive
92.8,32.2,3.292,-33.38,0.5438,0,flick
103.92,67.23,5.722,102.81,0.719,0,cut
81.56,68.64,6.847,-23.82,0.6982,1,pull
81.5,86.96,5.576,56.67,0.7172,0,cut
96.14,65.17,6.602,-14.76,0.6057,0,pull
90.12,42.03,3.859,-45.54,0.8506,1,flick
95.89,48.73,6.727,4.2,0.7801,0,pull
105.99,90.95,6.801,13.73,0.6137,0,pull
94.37,49.53,2.343,-72.01,0.5622,0,flick
79.95,16.03,3.777,-89.09,0.882,1,flick
102.99,67.38,6.075,-42.39,0.9587,1,pull
87.12,40.66,4.345,-51.85,0.7227,1,flick
99.63,89.78,5.22,-49.86,0.6115,0,pull
79.09,93.17,6.18,88.17,0.7148,0,cut
96.47,24.24,3.19,1.88,0.7758,1,straight_drive
95.9,63.88,6.178,78.06,0.8896,0,cut
63.9,35.43,4.426,-51.43,0.3017,1,defensive
65.92,21.82,4.416,25.16,0.6493,1,defensive
110.77,72.58,3.89,-66.53,0.6509,1,flick
82.15,63.86,3.392,-16.48,0.4241,1,flick
87.64,26.43,4.903,45.31,0.6454,1,defensive
100.27,53.03,2.863,18.57,0.8872,1,straight_drive
90.72,36.54,2.955,4.47,0.5461,1,straight_drive
114.4,22.97,4.26,-32.19,0.5443,1,defensive
100.43,25.99,3.635,-48.94,0.4878,1,flick
96.62,63.16,4.1,-19.23,0.8596,1,flick
74.48,46.95,4.06,55.07,0.1246,1,defensive
108.91,33.59,3.243,-3.85,0.7625,1,flick
80.39,34.65,4.422,10.94,0.6055,0,defensive
78.62,70.81,6.598,-57.48,0.6515,0,pull
102.99,24.46,3.925,53.7,0.7621,0,straight_drive
95.18,93.3,6.751,29.84,0.7957,1,cut
85.21,16.3,2.119,28.46,0.7266,1,straight_drive
93.77,47.93,2.606,53.78,0.658,1,cover_drive
91.01,66.02,6.391,48.95,0.8421,0,pull
69.09,41.58,4.644,-55.7,0.623,1,flick
94.11,58.59,7.05,69.12,0.7756,1,cut
93.86,38.35,3.318,67.29,0.5727,1,cover_drive
115.77,34.72,3.222,34.64,0.6909,1,cover_drive
93.38,52.24,2.893,4.03,0.7137,1,straight_drive
94.82,70.73,6.059,77.99,0.5916,0,cut
85.65,24.98,2.803,22.12,0.8435,0,straight_drive
103.37,40.63,3.419,0.06,0.7666,1,straight_drive
82.37,53.29,3.69,-22.78,0.7452,1,flick
86.6,22.91,4.151,67.62,0.6799,1,cover_drive
94.88,35.52,2.273,12.01,0.8492,1,straight_drive
116.02,68.84,6.921,-29.06,0.6353,1,pull
93.9,37.19,3.192,-18.2,0.8327,1,straight_drive
91.23,85.72,5.985,63.29,0.857,1,cut
83.5,62.7,6.62,81.33,0.6739,0,cut
84.49,25.66,2.439,22.66,1.0,1,straight_drive
102.64,68.63,6.65,-28.29,0.9958,0,pull
104.14,19.3,2.898,-1.49,0.6216,1,straight_drive
101.51,35.76,3.33,63.15,0.677,1,cover_drive
62.51,46.07,3.082,26.61,0.8031,1,straight_drive
82.32,83.99,6.313,100.94,0.6995,1,cut
94.59,42.61,3.071,83.72,0.9478,1,cover_drive
68.52,15.97,3.895,6.88,0.7104,1,straight_drive
95.13,76.38,6.763,-29.99,0.5795,0,pull
104.22,93.7,5.228,73.91,0.6505,0,cut
80.73,53.94,4.841,-11.6,0.2975,0,defensive
92.06,70.76,6.065,105.27,0.6497,1,cut
80.33,65.86,5.884,17.33,0.859,0,pull
35.32,36.22,4.099,42.15,0.3972,1,defensive
74.39,35.04,5.749,82.01,0.7161,0,cut
98.9,36.32,2.837,3.29,0.6823,1,straight_drive
86.52,42.48,2.907,25.68,0.7356,1,straight_drive
98.01,50.91,2.651,18.87,0.7142,1,straight_drive
91.15,90.42,3.643,-45.39,0.7487,1,flick
98.63,50.13,2.828,32.82,0.7207,1,cover_drive
72.58,22.93,5.576,-15.36,0.7349,1,defensive
104.11,51.95,6.209,12.46,0.7733,0,pull
103.66,61.05,4.274,-27.74,0.6987,1,flick
74.83,40.13,2.755,-2.55,0.7398,1,straight_drive
98.83,44.44,7.038,42.52,0.7752,0,cut
94.49,26.86,3.584,43.86,0.8852,1,cover_drive
83.15,50.78,3.979,41.0,0.745,1,cover_drive
102.5,31.08,3.155,79.35,0.6205,1,cover_drive
69.4,39.48,2.57,-49.84,0.8584,1,flick
93.38,70.15,7.401,9.53,0.604,0,pull
83.5,22.49,2.507,-10.37,0.5936,1,flick
104.85,31.54,2.951,18.96,1.0,1,straight_drive
108.01,65.29,5.375,-29.23,0.6104,1,pull
92.33,32.58,4.518,-56.64,0.7848,1,flick
102.17,91.02,5.1,47.48,0.8683,0,cut
99.42,45.03,3.405,17.74,0.7009,1,straight_drive
92.31,36.46,4.83,-35.83,0.6838,0,flick
86.04,61.41,4.725,12.0,0.7673,1,flick
81.51,45.36,3.824,6.54,0.7211,1,straight_drive
87.83,43.4,5.577,-5.26,0.541,1,defensive
112.92,40.52,2.329,25.11,0.823,1,straight_drive
97.45,78.52,5.45,-44.68,0.4594,0,pull
87.81,55.8,7.535,9.49,0.7561,0,cut
102.16,59.39,3.273,28.25,0.5084,0,defensive
91.8,29.82,2.501,47.4,0.6887,1,cover_drive
90.49,56.85,3.693,-26.42,0.8328,1,flick
107.69,33.18,5.01,0.49,0.8625,1,flick
90.66,65.49,4.409,-91.97,0.7021,1,flick
110.54,92.31,6.475,25.07,0.8257,1,pull
97.96,73.56,6.362,2.17,0.8753,0,pull
80.96,64.29,4.939,76.78,0.8657,0,cut
94.06,75.42,6.668,57.2,0.6828,0,cut
76.38,44.02,3.583,66.7,0.5902,1,cover_drive
83.82,47.34,4.409,51.47,0.7756,0,defensive
96.27,84.75,5.84,-31.06,0.7091,0,pull
100.83,78.8,6.626,69.61,0.6386,0,cut
80.3,57.33,3.037,-9.91,0.9355,1,straight_drive
82.65,61.04,4.843,96.05,1.0,1,cut
77.3,27.53,4.735,81.56,0.4852,1,defensive
105.78,30.71,2.837,-11.97,0.6917,1,straight_drive
97.26,71.61,5.785,36.54,0.7849,1,cut
105.63,41.42,2.925,17.8,0.5714,1,straight_drive
101.42,32.5,1.616,22.18,0.6311,1,straight_drive
108.59,51.3,3.135,47.46,0.9032,1,cover_drive
99.91,75.26,7.626,-24.5,0.6648,0,pull
82.75,33.64,3.797,36.85,0.2741,1,defensive
96.05,46.4,3.504,-70.18,0.8947,0,flick
97.93,76.5,4.084,-11.03,0.7938,1,flick
75.55,42.25,2.27,-2.46,0.7638,1,straight_drive
103.79,36.57,2.837,59.32,0.7808,1,cover_drive
89.92,43.93,5.538,71.02,0.756,1,cut
87.74,63.17,3.211,26.86,0.7284,1,straight_drive
86.81,86.29,7.459,40.4,0.7277,1,cut
98.16,36.91,2.873,28.22,0.9702,1,straight_drive
93.68,17.35,2.746,34.82,0.7842,1,cover_drive
63.54,83.03,2.65,26.64,0.4942,0,defensive
72.65,52.11,6.026,41.44,0.7993,0,cut
96.37,78.71,7.21,55.4,0.5292,1,cut
83.12,34.06,3.389,-83.96,0.5451,0,flick
73.28,30.16,4.595,-43.95,0.4874,1,defensive
61.82,39.2,3.765,-16.04,0.8134,1,defensive
101.45,49.36,4.13,-75.0,0.7046,1,flick
95.09,74.84,5.382,-18.13,0.695,0,pull
99.7,4.66,2.953,7.71,0.8521,1,straight_drive
96.84,80.21,6.279,61.46,0.6846,0,cut
85.74,63.34,6.127,67.09,0.7494,0,cut
100.3,20.79,3.682,43.79,0.7585,1,cover_drive
118.9,60.77,6.936,-18.79,0.4327,1,pull
77.01,48.6,3.8,22.96,0.3495,1,defensive
101.9,76.18,7.262,-36.49,0.9313,0,pull
105.49,23.84,3.143,64.59,0.7611,1,cover_drive
99.75,33.61,3.972,76.13,0.8035,1,cover_drive
109.71,56.26,3.282,77.01,0.8972,1,cover_drive
84.05,21.98,4.24,8.91,0.7603,0,defensive
90.85,40.33,3.196,44.73,0.8567,1,cover_drive
45.92,22.11,1.747,-32.04,0.4797,1,defensive
85.97,35.19,3.97,-8.78,0.8761,1,flick
63.22,67.4,3.489,3.36,0.6508,0,defensive
81.63,32.59,2.209,27.87,0.8267,1,straight_drive
97.52,58.95,6.456,84.55,0.5403,1,cut
76.29,44.98,3.673,-48.88,0.734,1,flick
99.16,56.73,5.859,-5.58,0.6275,0,pull
87.51,75.3,4.501,-47.49,0.7826,1,defensive
101.09,23.03,2.645,76.92,0.9868,1,cover_drive
77.87,75.17,5.4,49.59,0.7638,0,cut
80.09,39.81,3.103,-14.24,0.4926,1,defensive
100.06,54.22,7.812,33.64,0.6926,0,pull
105.13,49.9,3.847,90.05,1.0,1,cover_drive
97.5,54.67,4.511,-51.72,0.5748,1,flick
81.06,32.18,3.295,25.72,0.6663,1,straight_drive
76.15,45.15,3.751,-76.71,0.581,1,flick
96.92,68.26,5.8,124.79,0.5851,1,cut
98.16,43.41,2.799,51.72,0.9262,1,cover_drive
71.8,41.66,4.466,75.5,0.8205,1,cover_drive
100.16,33.16,3.878,58.72,0.7055,1,cover_drive
116.29,27.96,3.476,75.92,0.8274,1,cover_drive
88.03,46.55,3.055,71.86,0.8363,1,cover_drive
105.64,20.84,2.84,42.8,0.6868,1,cover_drive
78.94,92.79,3.547,-50.95,0.7184,1,flick
91.51,47.17,4.036,28.44,0.7493,1,straight_drive
89.9,71.67,5.48,79.35,0.6051,0,cut
89.96,49.03,2.759,72.26,0.542,1,cover_drive
79.05,34.4,3.28,-3.37,0.1814,1,defensive
73.26,51.33,2.876,-59.96,0.491,1,flick
81.62,36.21,5.181,-9.49,0.3147,0,defensive
96.06,64.69,4.956,93.99,0.4736,0,cut
92.42,57.74,3.495,-11.02,0.7764,1,straight_drive
88.57,49.29,5.156,38.27,0.9245,1,cut
77.16,27.47,3.717,19.32,0.6386,0,flick
101.4,32.91,4.253,57.15,0.8162,1,cover_drive
91.32,36.32,3.041,22.62,0.6272,1,cover_drive
101.07,64.73,3.401,-28.52,0.9827,0,flick
93.41,52.68,4.089,65.46,0.9188,1,cover_drive
91.82,59.09,6.556,-46.16,0.6986,0,pull
78.8,39.1,3.345,77.27,0.6041,1,cover_drive
106.77,35.17,3.988,46.59,0.9208,1,cover_drive
96.8,47.28,6.079,34.28,0.4503,0,cut
110.3,48.75,6.502,2.01,0.6733,0,pull
87.82,35.43,3.6,21.24,0.7155,1,straight_drive
96.52,34.85,2.79,5.38,0.5898,1,straight_drive
79.55,26.8,3.524,9.35,0.3461,0,defensive
86.41,46.63,3.814,83.72,0.8004,1,cover_drive
106.4,89.39,6.231,-41.96,0.5706,0,pull
109.66,88.36,5.112,-3.29,0.7409,0,pull
88.11,80.5,6.08,53.2,0.7,0,cut
69.69,38.62,3.298,37.79,0.7129,0,straight_drive
89.85,85.06,6.642,-0.91,0.7717,1,pull
101.93,62.84,2.69,41.98,0.9921,1,straight_drive
109.1,70.83,5.438,60.37,0.8025,1,cut
102.39,64.24,7.39,-50.08,0.536,0,pull
94.68,81.28,5.931,74.1,0.6134,0,cut
86.76,43.69,2.973,64.6,0.749,1,cover_drive
84.41,23.88,2.953,29.85,0.6028,1,cover_drive
79.65,92.95,5.208,98.95,0.7227,0,cut
90.89,35.63,2.879,25.29,0.7515,1,cover_drive
119.21,67.12,5.12,-19.3,0.8134,0,pull
121.68,75.52,7.107,-25.83,0.7626,0,pull
95.07,58.53,2.833,11.57,0.418,1,straight_drive
112.48,79.39,5.876,-14.87,0.9073,0,pull
62.47,36.95,4.962,-0.52,0.4605,0,defensive
70.96,29.5,2.781,13.92,0.7529,1,straight_drive
83.11,27.33,3.541,-26.22,0.8448,0,flick
88.18,70.73,6.943,15.4,0.6565,0,pull
79.72,53.2,7.29,65.21,0.679,1,cut
108.83,46.12,6.832,12.77,0.816,1,pull
98.79,38.87,2.845,52.25,0.8326,1,straight_drive
84.79,42.34,3.717,7.83,0.5778,0,defensive
42.25,57.49,4.145,-23.2,0.6374,1,defensive
86.93,31.32,3.752,41.66,0.6628,1,cover_drive
72.73,30.3,4.964,-5.03,0.7354,0,defensive
85.49,57.46,2.526,28.09,0.7099,1,straight_drive
96.97,25.49,3.102,44.26,0.9353,1,cover_drive
86.42,55.17,8.104,11.23,0.7407,0,pull
82.18,44.34,2.992,27.01,0.8724,0,straight_drive
89.91,37.62,3.411,-10.26,0.6213,0,flick
49.21,45.16,4.793,5.95,0.746,1,defensive
91.86,46.28,4.534,13.03,0.4332,1,defensive
79.54,83.06,5.597,19.05,0.7806,0,pull
86.14,82.77,7.094,43.27,0.5444,0,cut
97.83,30.3,2.756,67.31,0.6718,1,cover_drive
95.31,63.64,3.745,41.52,0.814,1,cover_drive
90.95,55.39,3.668,7.59,0.6225,1,straight_drive
90.78,65.54,3.279,-17.16,0.6524,1,defensive
104.91,81.41,5.922,14.17,0.8052,0,pull
98.14,31.61,3.246,68.29,0.8815,1,cover_drive
119.51,65.44,6.516,-9.33,0.8937,0,cut
84.59,24.75,4.486,68.37,0.7213,1,cover_drive
95.33,30.06,3.417,66.09,0.8085,0,cover_drive
71.9,24.19,2.899,53.12,0.7774,1,cover_drive
96.33,47.46,6.059,11.57,0.694,0,defensive
84.15,52.85,3.768,22.41,0.801,1,defensive
80.4,73.82,7.696,28.78,0.6142,0,cut
79.31,48.58,4.565,-62.48,0.8481,1,flick
93.2,38.92,3.465,75.42,0.6914,1,cover_drive
94.86,51.37,3.221,69.08,0.7302,1,cover_drive
95.52,36.02,2.354,24.06,0.6498,1,straight_drive
71.21,56.1,6.282,80.43,0.8652,1,cut
91.06,61.31,6.429,57.86,0.7945,0,cut
103.71,37.71,2.694,20.3,0.9754,1,cover_drive
97.74,45.8,2.637,37.84,0.6985,1,straight_drive
85.61,28.86,4.337,-17.37,0.4682,1,defensive
93.05,74.08,5.442,97.0,0.7233,0,cut
115.91,50.0,6.336,62.09,0.7637,0,cut
76.02,72.78,3.916,32.72,0.6168,1,defensive
76.64,33.98,2.326,17.4,0.743,1,straight_drive
106.27,89.75,6.685,-8.53,0.8291,0,pull
102.26,67.74,6.525,66.89,0.5781,1,cut
112.6,35.68,2.59,11.49,0.7028,1,straight_drive
97.83,82.61,5.616,122.57,0.6824,0,cut
90.52,64.36,6.391,-2.63,0.6724,1,pull
93.5,68.42,3.483,-21.66,0.7714,0,flick
86.97,28.78,3.732,11.51,0.8484,1,straight_drive
100.64,31.52,5.196,-51.55,0.6278,1,flick
76.44,10.02,4.191,17.46,0.7879,1,defensive
75.99,70.82,5.264,57.61,0.9623,0,cut
88.95,48.53,3.322,-48.59,0.6777,0,flick
106.55,33.6,3.153,51.64,0.5867,1,cover_drive
105.03,40.25,3.251,58.24,0.6078,1,cover_drive
110.62,49.71,6.259,47.22,0.7373,0,cut
85.26,34.97,3.425,8.38,0.7479,1,straight_drive
102.78,39.39,3.06,71.1,0.7713,1,cover_drive
96.49,53.01,2.922,-9.52,0.7721,1,straight_drive
118.17,51.05,5.802,67.39,0.9331,0,cut
66.98,56.07,5.934,74.61,0.649,0,cut
82.38,36.87,2.682,-10.92,0.7428,1,defensive
85.84,88.34,5.851,-2.78,0.7563,0,pull
106.04,59.1,5.513,1.57,0.5811,0,pull
92.04,46.49,6.8,-10.84,0.8482,1,pull
69.0,62.22,5.004,-46.45,0.2163,1,defensive
106.56,35.91,2.532,-91.12,0.8855,0,flick
81.15,95.02,6.257,-9.5,0.5532,0,pull
104.04,95.17,4.755,5.83,0.825,0,pull
107.99,42.07,4.605,59.09,0.762,1,cover_drive
97.79,45.17,5.706,111.82,0.7851,0,cut
92.03,47.4,2.27,27.82,0.4574,1,straight_drive
99.46,39.08,2.75,64.7,0.8037,1,cover_drive
91.61,45.64,3.348,28.38,0.7052,1,cover_drive
55.24,17.59,4.332,-18.94,0.3549,1,defensive
71.65,85.46,6.577,12.01,0.597,0,cut
47.29,15.57,4.064,-4.54,0.6132,1,defensive
79.78,32.74,4.121,44.28,0.5393,1,defensive
87.14,111.77,4.933,77.84,0.5024,0,cut
97.73,75.44,5.585,37.54,0.7126,0,cut
92.35,57.47,5.803,80.99,0.873,0,cut
86.37,15.67,1.795,27.21,0.8754,1,defensive
78.17,31.26,3.237,81.56,0.6415,1,cover_drive
79.23,55.82,3.451,-9.89,0.8065,1,straight_drive
85.53,42.88,4.869,13.32,0.6576,0,defensive
99.78,36.85,2.79,19.62,0.7591,1,straight_drive
69.12,29.32,3.591,22.75,0.6217,0,defensive
102.8,89.14,6.811,16.23,0.7271,0,pull
67.39,36.68,3.55,-97.09,0.7176,1,flick
86.89,39.96,2.758,9.13,0.8181,1,straight_drive
82.25,64.48,7.217,43.08,0.777,1,cut
90.14,38.97,3.585,43.28,0.7215,1,cover_drive
85.42,60.81,2.704,-59.91,0.9073,0,flick
109.33,57.03,3.264,60.19,0.772,1,cover_drive
75.54,42.03,3.341,-2.6,0.6275,1,defensive
87.07,40.54,4.346,44.07,0.4606,0,defensive
89.56,68.95,5.561,77.75,0.528,0,cut
69.03,73.68,5.881,117.72,0.7389,1,cut
88.35,74.98,4.982,48.26,0.8446,0,cut
80.35,56.59,5.322,-25.24,0.6384,0,pull
78.28,46.55,3.821,-42.7,0.6987,1,flick
89.48,46.79,5.935,26.85,0.7842,0,cut
77.1,32.93,5.006,54.96,0.6496,1,defensive
95.11,33.57,3.508,26.9,0.6518,1,cover_drive
88.43,62.78,5.044,41.39,0.6425,0,cut
85.37,63.77,2.825,-49.33,0.6141,0,flick
70.97,39.67,3.641,13.03,0.3944,0,defensive
94.72,53.63,6.482,51.89,0.9166,1,cut
82.85,6.39,5.594,29.54,0.511,1,defensive
92.34,53.62,3.069,55.4,0.6591,1,cover_drive
103.55,18.08,3.767,48.25,0.6078,1,cover_drive
106.83,75.63,7.018,0.89,0.3203,0,pull
108.3,78.82,6.646,-19.45,0.8134,0,pull
90.49,72.94,6.47,97.35,0.6414,1,cut
85.03,40.38,3.128,75.77,0.7629,1,cover_drive
82.16,44.6,3.283,18.85,0.7061,0,straight_drive
62.14,42.11,4.155,27.48,0.7782,0,defensive
118.75,85.72,6.988,-8.48,0.9034,0,pull
93.34,62.78,6.887,-1.16,0.7727,0,pull
96.83,39.08,3.438,80.74,0.7125,1,cover_drive
86.38,65.63,6.184,87.39,0.6177,0,cut
110.98,90.98,6.439,25.58,0.6791,0,pull
98.38,69.37,6.056,83.08,0.8415,0,cut
80.4,40.11,3.941,-33.83,0.7549,1,flick
98.35,31.28,2.788,26.25,0.8579,1,straight_drive
105.66,37.75,3.532,33.85,0.8549,1,cover_drive
99.13,34.3,2.967,77.97,0.8083,1,cover_drive
103.86,50.01,5.941,65.63,0.4028,0,cut
78.02,63.68,6.769,23.32,0.8617,0,cut
74.27,65.08,5.656,74.54,0.5069,1,cut
104.52,49.38,3.985,52.68,0.7297,1,cover_drive
104.6,76.53,5.514,10.41,0.4443,1,pull
79.93,60.74,5.972,98.49,0.653,1,cut
92.52,58.54,3.423,30.17,0.6975,1,straight_drive
97.98,71.23,2.885,-50.78,0.7709,1,flick
73.64,42.64,4.249,8.7,0.5656,1,defensive
85.73,33.68,3.126,35.28,0.9977,1,cover_drive
102.55,43.88,3.462,-5.46,0.7275,1,straight_drive
74.11,80.92,6.075,118.37,0.679,0,cut
57.28,60.18,3.946,50.72,0.6781,0,defensive
92.55,23.49,3.594,77.09,0.7479,1,cover_drive
92.5,41.8,5.405,63.9,0.5824,1,cut
83.5,65.39,6.514,-44.44,0.7503,0,pull
84.37,88.7,6.637,0.01,0.8248,0,pull
58.66,27.73,3.269,5.28,0.7313,1,defensive
97.95,59.06,3.659,-32.23,0.5529,1,flick
110.05,51.21,5.92,7.14,0.8024,0,pull
95.69,59.04,2.795,65.62,0.6928,1,cover_drive
102.66,80.22,6.86,-37.36,0.7479,0,pull
79.5,43.69,3.056,-46.17,0.9477,1,flick
89.84,60.43,4.585,-43.35,0.472,1,flick
67.18,30.42,3.246,-64.12,0.5622,1,flick
100.38,52.26,4.143,79.31,0.7439,1,cover_drive
98.85,26.25,3.244,41.89,0.6071,1,cover_drive
99.48,23.72,2.878,33.49,0.6511,1,cover_drive
58.26,27.31,4.246,41.01,0.586,1,defensive
96.72,84.03,6.741,79.23,0.6493,0,cut
92.8,31.85,3.678,-78.01,0.9063,0,flick
83.95,57.95,5.746,76.54,0.96,0,cut
100.56,68.51,6.115,65.3,0.6683,0,cut
91.85,45.7,3.539,23.66,0.6607,1,straight_drive
86.63,32.49,2.609,74.39,0.8299,1,cover_drive
103.86,27.26,2.26,33.05,0.9488,1,straight_drive
121.49,78.6,6.375,-47.97,0.6479,0,pull
89.42,62.08,6.403,-30.16,0.8989,0,pull
87.24,39.78,3.563,-41.46,0.673,0,flick
110.17,105.84,5.053,-81.91,0.5585,0,pull
62.55,66.29,5.509,-17.33,0.5272,0,defensive
94.18,62.92,6.241,-0.37,0.6161,0,pull
102.43,12.3,3.712,48.59,0.825,1,cover_drive
77.49,27.91,2.515,31.47,0.8153,1,straight_drive
79.91,35.06,3.865,-34.81,0.8068,1,flick
94.25,30.58,4.151,-47.27,0.7094,0,flick
109.43,87.19,6.396,-34.06,0.5645,0,pull
93.65,46.58,5.347,-30.94,0.6016,1,pull
96.42,35.84,3.453,38.68,0.4866,1,cover_drive
92.54,64.87,6.812,49.39,0.8537,0,cut
82.24,34.18,4.015,57.3,0.5695,0,defensive
100.45,77.35,6.178,-63.94,0.5841,1,pull
89.75,78.14,7.682,43.57,0.5429,0,pull
71.55,52.29,2.58,-3.37,0.6501,1,flick
98.29,35.28,3.306,49.13,0.8052,1,cover_drive
86.04,78.15,6.202,77.77,0.6915,0,cut
82.16,43.57,2.207,-41.44,0.6968,0,flick
102.1,78.71,6.977,31.19,0.6835,0,pull
102.89,78.71,5.018,-17.55,0.8772,0,pull
92.63,68.86,2.943,38.0,0.4348,1,straight_drive
106.33,42.77,4.01,-10.27,0.8352,0,flick
68.24,37.88,4.59,-22.98,0.4091,0,defensive
120.49,66.35,5.428,-8.59,0.6582,0,cut
90.8,41.38,2.82,14.6,0.9568,1,straight_drive
73.53,32.64,3.51,104.16,0.7936,1,cover_drive
106.44,89.52,6.202,-42.87,0.8073,1,pull
85.3,57.96,4.205,63.04,0.6121,1,cover_drive
85.65,100.77,6.353,8.91,0.4408,1,pull
113.3,72.27,6.369,-18.2,0.72,0,pull
86.34,62.92,5.592,33.82,0.76,0,pull
90.99,63.03,7.108,-4.63,0.5108,0,pull
96.58,15.95,2.851,69.83,0.7311,1,cover_drive
77.67,52.41,5.126,-5.06,0.6045,0,defensive
61.01,48.26,4.042,-12.04,0.5248,1,defensive
84.76,43.76,3.457,-54.71,0.7309,0,flick
102.57,86.35,7.689,-45.37,0.8448,1,pull
104.86,48.91,6.984,9.89,0.3806,0,pull
105.52,72.43,7.018,-27.75,0.6221,0,pull
113.21,44.89,2.011,91.52,0.5779,1,cover_drive
94.77,24.14,2.428,44.59,0.811,1,straight_drive
94.83,25.95,3.369,-14.29,0.6984,1,straight_drive
65.84,59.74,5.009,58.62,0.7095,1,defensive
82.48,40.56,4.346,0.97,0.9084,1,defensive
93.71,47.07,4.629,63.94,0.5878,0,cut
98.63,64.41,3.26,-79.86,0.8396,0,flick
91.07,68.18,7.369,-13.88,0.7933,0,pull
97.64,13.76,4.244,41.67,0.5686,1,defensive
108.52,67.97,7.85,-9.18,0.9285,0,pull
97.61,47.39,2.044,17.41,0.7821,1,straight_drive
66.72,63.86,4.669,-38.83,0.7567,0,defensive
86.11,26.2,2.727,0.95,0.7655,1,straight_drive
85.46,36.16,3.33,31.92,0.7236,1,straight_drive
84.55,51.3,5.408,-2.32,0.5572,1,defensive
86.82,46.21,3.663,-44.37,0.8449,1,flick
105.59,54.93,3.324,0.25,0.9244,1,straight_drive
75.39,32.0,3.407,-31.61,0.5674,1,defensive
98.64,96.77,7.799,-17.24,0.7914,1,pull
64.62,17.95,5.534,-21.66,0.5872,1,defensive
85.89,31.87,3.023,75.42,0.7462,1,cover_drive
95.49,52.85,6.094,26.61,0.6532,1,defensive
96.94,89.7,6.087,-7.57,0.9802,1,pull
104.31,39.15,2.479,28.0,0.8533,1,cover_drive
106.07,39.9,5.965,73.4,0.9956,1,cut
78.23,77.44,3.861,-21.14,0.7258,0,flick
72.52,47.04,4.25,49.95,0.7505,0,defensive
112.07,49.77,6.299,-27.08,0.5456,1,pull
104.69,71.1,5.668,37.32,0.5917,0,cut
94.14,26.21,3.317,43.67,0.6527,1,cover_drive
88.38,48.89,3.646,61.8,0.8633,1,cover_drive
75.87,30.94,4.7,56.72,0.3814,1,defensive
85.02,38.89,2.177,12.49,0.5721,1,straight_drive
91.63,26.56,6.036,93.91,0.6879,1,defensive
81.47,38.31,3.916,0.46,0.6794,1,straight_drive
90.26,87.26,6.409,77.18,0.7516,0,cut
92.55,76.35,5.294,68.11,0.7249,1,cut
64.48,3.52,4.839,-9.3,0.7259,1,defensive
83.83,73.68,7.215,7.45,0.7508,0,pull
95.05,40.85,3.021,-19.83,0.5999,1,flick
77.5,56.18,4.564,-39.82,0.6895,1,defensive
95.12,32.39,2.714,74.22,0.8171,1,cover_drive
89.82,16.91,3.154,74.61,0.5602,1,cover_drive
78.5,43.84,4.019,-19.37,0.4831,1,flick
74.38,24.79,3.59,-54.37,0.76,1,flick
115.33,23.55,2.395,35.63,0.8237,1,straight_drive
83.38,39.66,3.608,73.2,0.8763,1,cover_drive
99.93,38.88,4.667,22.94,0.5239,1,defensive
92.8,35.18,2.302,42.55,0.6711,1,straight_drive
91.46,87.92,6.823,-32.99,0.8533,0,pull
97.19,22.75,3.531,41.2,0.7428,1,cover_drive
103.38,36.57,2.641,47.01,0.7208,0,cover_drive
98.75,47.1,2.489,2.05,1.0,1,straight_drive
98.49,38.01,3.586,4.68,0.7551,1,cover_drive
93.74,57.68,6.283,-16.49,0.8328,1,pull
95.67,96.88,7.389,62.6,0.9092,0,cut
61.07,61.06,3.555,58.14,0.6457,1,defensive
107.02,55.83,3.258,11.44,0.8021,1,straight_drive
86.64,64.84,5.744,-52.1,0.5069,1,pull
79.34,22.53,2.51,-19.85,0.7357,1,straight_drive
56.08,43.16,4.848,-16.06,0.8136,1,defensive
88.79,109.64,6.46,76.43,0.6709,0,cut
79.89,61.38,6.179,65.88,0.9134,1,cut
104.21,51.58,2.335,1.8,0.7598,1,straight_drive
106.82,44.62,4.327,36.16,0.4022,0,defensive
103.62,47.78,3.821,52.4,0.7063,1,defensive
96.03,76.91,4.516,81.98,0.4431,1,cut
68.57,39.15,3.992,54.2,0.3474,1,defensive
67.4,75.59,4.389,10.69,0.7825,1,defensive
95.76,104.36,6.297,-39.86,0.6336,1,pull
104.71,59.78,5.381,-3.82,0.5488,0,pull
71.33,34.22,4.916,-4.81,0.4528,1,defensive
96.22,43.2,7.657,5.05,0.7909,0,pull
94.33,30.64,3.396,104.88,0.7878,1,cover_drive
104.56,61.51,3.91,6.92,1.0,0,flick
83.2,48.93,3.692,-29.78,0.6383,1,flick
71.73,71.31,3.812,-15.52,0.6558,0,flick
80.83,28.7,3.896,-59.84,0.99,0,flick
90.58,47.96,3.516,-32.25,0.5938,1,flick
85.93,28.65,4.344,-17.33,0.6937,0,defensive
112.44,40.68,3.285,55.14,0.9141,1,cover_drive
83.72,37.69,3.477,56.12,0.7387,1,cover_drive
96.38,60.92,5.924,-41.87,0.694,0,pull
79.22,33.34,4.557,59.15,0.2655,1,defensive
104.53,76.79,6.097,97.82,0.6033,0,cut
108.77,48.15,2.669,25.63,0.7568,1,straight_drive
84.98,53.57,2.975,-41.82,0.3315,1,defensive
78.02,78.4,6.446,60.83,0.5435,0,cut
94.24,16.59,2.676,0.53,0.8163,1,defensive
100.54,64.21,3.332,-31.42,0.6825,0,flick
112.14,73.72,5.553,27.75,0.4926,0,cut
96.69,45.08,2.802,-25.52,0.4924,1,flick
80.94,35.1,4.336,-61.65,0.6479,1,flick
44.72,49.64,3.135,2.62,0.5738,1,straight_drive
98.97,31.97,4.502,47.01,0.8157,1,cover_drive
95.39,34.8,3.861,96.24,0.6769,1,cover_drive
90.11,90.57,5.629,68.19,0.6888,1,cut
68.34,77.06,6.348,84.76,0.6892,1,cut
90.3,4.98,2.869,13.02,0.6212,1,cover_drive
91.11,89.74,6.201,-47.54,0.6084,1,pull
80.05,59.23,7.371,24.15,0.7371,0,cut
88.24,51.81,4.491,-63.91,0.6371,0,flick
82.81,80.64,6.257,58.94,0.8933,0,cut
72.54,41.97,3.501,21.63,0.0974,0,defensive
78.26,36.76,3.442,14.19,0.9668,1,straight_drive
89.02,41.31,5.039,-54.85,0.5726,0,flick
104.67,76.35,7.012,-1.04,0.6736,0,pull
91.0,74.62,4.118,-20.1,0.5805,0,flick
82.06,22.24,3.855,-5.09,0.7669,0,straight_drive
77.96,36.98,3.525,14.22,0.8273,1,straight_drive
114.47,42.98,7.71,-10.34,0.612,0,pull
109.61,35.43,2.658,74.09,0.7365,1,cover_drive
94.58,88.52,6.746,6.27,1.0,1,pull
121.26,76.24,6.354,-33.44,0.4705,0,pull
94.46,30.07,2.653,28.62,0.7914,1,straight_drive
116.07,70.06,7.725,-15.99,0.9227,0,pull
82.2,50.17,2.708,76.63,0.7078,1,cover_drive
71.01,32.4,3.899,5.2,0.4984,1,defensive
99.77,71.14,7.272,-36.95,0.8921,1,pull
76.64,90.07,5.802,84.66,0.9923,0,cut
108.92,63.53,6.223,-4.34,0.8088,0,pull
90.28,23.14,2.873,53.87,0.6747,1,cover_drive
100.46,49.06,3.083,33.67,0.9001,0,defensive
81.18,44.55,3.635,40.08,0.7422,1,cover_drive
49.82,33.23,4.195,-15.95,0.3874,1,defensive
73.7,64.21,3.872,-53.03,0.8326,1,flick
87.94,49.16,7.366,-7.86,0.7977,0,pull
95.6,58.7,4.143,-70.27,0.7679,1,flick
75.85,101.09,4.931,76.07,0.5617,0,cut
72.19,26.26,2.22,60.1,0.8206,1,cover_drive
118.43,29.69,2.684,31.66,0.7392,1,straight_drive
87.24,56.39,3.56,-4.17,0.5287,0,defensive
53.31,47.79,3.654,22.01,0.5424,1,defensive
90.24,28.59,3.726,-40.13,0.6778,1,flick
89.44,56.32,3.306,26.92,0.6985,1,straight_drive
84.91,57.36,5.941,-12.28,0.8392,1,pull
88.24,38.51,3.557,-26.95,0.9303,0,flick
103.64,26.07,4.694,26.62,0.6599,1,defensive
79.28,20.76,3.244,21.71,0.6985,1,cover_drive
111.13,100.01,6.963,48.58,0.5492,0,pull
92.59,38.42,2.906,20.47,0.7571,1,straight_drive
85.07,44.35,3.462,-29.23,0.5594,0,flick
87.04,45.73,2.467,42.12,0.644,1,straight_drive
83.29,79.21,5.487,21.12,0.5209,0,pull
98.04,15.8,3.513,69.64,0.8233,1,cover_drive
81.01,71.94,5.96,51.09,0.7845,0,cut
93.59,16.63,2.969,102.85,0.9072,1,cover_drive
90.41,32.19,3.275,26.56,0.6435,1,cover_drive
99.16,53.4,5.872,82.24,0.74,0,cut
109.26,46.54,2.289,9.91,0.4908,1,straight_drive
97.72,33.31,1.647,10.13,0.6174,1,straight_drive
93.12,48.12,3.577,-12.81,0.6007,1,straight_drive
62.94,41.77,4.171,-7.31,0.4979,1,defensive
97.0,39.96,3.162,25.24,0.6258,1,straight_drive
88.88,50.87,6.083,40.64,0.6948,0,cut
65.99,60.46,3.428,-49.46,0.6901,0,flick
99.7,77.07,6.311,-45.3,0.7888,1,pull
94.82,21.75,3.7,68.53,0.7205,1,cover_drive
93.02,35.52,2.73,-39.03,0.7702,0,straight_drive
96.63,26.89,3.155,77.67,0.527,0,cover_drive
83.9,39.22,2.312,55.22,0.7894,1,cover_drive
89.83,63.13,3.98,-43.54,0.7722,0,flick
93.95,41.83,3.684,8.89,0.7868,1,defensive
62.75,36.21,4.444,-55.16,0.6748,0,flick
86.12,73.86,5.357,61.67,0.856,0,cut
92.87,57.05,3.895,-16.96,0.4293,1,defensive
92.67,33.43,3.244,37.41,0.7879,1,straight_drive
103.4,51.41,4.048,-76.12,0.6553,1,flick
90.72,11.76,2.509,53.6,0.7433,1,cover_drive
104.35,43.66,4.413,-16.38,0.4589,1,defensive
82.78,90.84,7.161,110.93,0.5903,0,cut
77.49,20.22,4.742,38.32,0.3116,1,defensive
102.4,38.85,2.439,45.19,0.8024,1,cover_drive
105.03,34.7,3.91,23.56,0.9758,1,straight_drive
84.3,37.89,4.25,-2.03,0.5878,0,defensive
100.81,43.42,2.601,27.88,0.7946,1,straight_drive
83.1,76.62,5.453,17.77,0.6626,0,pull
92.75,49.05,5.481,89.8,0.5989,0,cut
103.01,36.88,3.893,-25.16,0.7622,1,flick
68.19,8.22,2.946,-27.59,0.4157,1,defensive
52.84,12.1,3.93,13.21,0.4065,0,defensive
67.58,98.49,6.182,60.71,0.81,0,cut
78.55,52.27,5.872,19.42,0.8062,0,defensive
87.06,50.9,4.629,57.83,0.8336,1,cover_drive
86.02,80.56,5.856,63.52,0.6806,1,cut
88.59,36.3,4.093,1.88,0.7487,0,defensive
60.53,26.6,4.751,-17.88,0.4396,1,defensive
89.61,16.82,3.74,38.3,0.6912,1,cover_drive
75.76,55.75,4.011,-62.5,0.6438,1,flick
99.8,32.81,5.659,10.31,0.3295,0,defensive
105.89,94.93,5.991,73.99,0.7963,1,cut
94.1,38.7,3.348,35.1,0.8828,1,straight_drive
102.22,63.22,4.789,78.88,0.6387,0,cut
45.87,38.45,4.913,85.99,0.5678,1,defensive
94.41,55.04,3.808,-30.43,0.575,1,flick
93.11,72.08,5.04,95.81,0.563,0,cut
109.07,34.98,3.318,78.72,0.7098,0,cover_drive
123.2,114.14,6.74,-31.96,0.6934,0,pull
102.75,38.94,3.805,-4.23,0.9711,1,straight_drive
97.54,85.75,6.007,39.59,0.6148,1,pull
102.07,83.92,6.217,67.01,0.7398,0,cut
97.54,67.11,4.853,-11.41,0.4487,1,pull
84.28,76.02,5.74,111.01,0.7822,1,cut
79.53,34.5,3.208,-42.24,0.7649,1,flick
86.14,60.63,4.277,-7.12,0.3085,1,defensive
89.84,69.63,5.941,-23.64,0.6203,0,pull
95.94,71.4,6.089,-27.32,0.8849,0,pull
96.26,20.58,3.047,-15.47,0.6926,1,straight_drive
93.31,36.63,2.974,18.22,0.7561,1,straight_drive
72.76,80.29,6.932,42.65,0.9249,1,cut
89.15,70.0,5.52,62.07,0.6569,0,cut
71.42,64.83,5.978,-22.9,0.6119,1,pull
66.92,51.85,4.339,1.73,0.7196,1,flick
101.41,57.06,6.745,45.5,0.7413,0,cut
87.04,77.74,4.952,26.86,0.7452,0,cut
90.15,66.86,6.893,58.24,0.7269,0,cut
85.51,96.7,5.639,57.91,0.6812,0,cut
76.54,64.82,5.887,78.0,0.7988,0,cut
88.72,0.0,2.655,55.89,0.9277,1,cover_drive
84.66,58.49,7.319,8.83,0.7255,0,pull
75.52,22.21,3.213,-32.18,0.4252,1,defensive
109.63,54.4,2.274,38.66,0.5922,1,cover_drive
93.75,51.61,5.387,83.5,0.7682,1,cut
96.01,97.48,6.362,-7.75,0.7891,0,pull
98.09,77.46,5.613,52.35,0.8827,0,cut
77.11,50.84,6.918,20.46,0.5655,0,pull
93.82,21.8,4.305,49.77,0.5885,0,cover_drive
112.46,30.92,2.225,28.72,0.5235,1,straight_drive
82.7,60.89,2.217,8.13,0.6654,1,straight_drive
101.76,78.4,7.23,-3.92,0.757,0,pull
78.1,56.91,3.695,-46.56,0.6994,0,defensive
76.38,26.05,3.466,-49.06,0.5609,1,flick
78.1,45.99,4.799,-45.83,0.2896,0,defensive
73.63,34.18,3.741,-10.63,0.7632,1,flick
105.0,20.26,3.854,33.28,0.6226,1,cover_drive
104.59,49.72,4.027,-65.58,0.8988,1,flick
74.37,40.01,3.195,42.58,0.8174,1,cover_drive
88.72,32.86,3.309,51.77,0.7025,1,cover_drive
82.13,100.05,6.421,-1.31,0.667,0,pull
89.53,82.96,5.478,76.02,0.7281,1,cut
77.29,33.0,4.122,21.27,0.4569,1,defensive
124.81,71.62,6.395,-9.39,0.619,1,pull
72.59,63.92,6.774,70.22,0.7159,0,cut
96.75,17.8,3.265,-50.44,0.9793,1,flick
94.36,70.77,4.566,-61.06,0.942,1,flick
98.91,54.09,2.543,67.41,0.6327,1,cover_drive
87.29,9.55,4.992,25.39,0.2222,1,defensive
113.04,67.65,7.427,13.54,0.6459,0,pull
78.13,32.21,2.885,79.76,0.5574,1,cover_drive
85.46,84.18,5.751,77.7,0.6845,0,cut
83.56,75.67,7.213,-17.68,0.8802,0,pull
82.58,49.06,4.128,-50.74,0.7337,0,flick
97.02,75.95,5.696,72.85,0.6196,1,cut
56.95,52.94,5.308,-39.78,0.5962,0,defensive
107.42,75.63,6.3,-4.26,0.9355,1,pull
95.7,33.39,7.02,-37.53,0.9334,1,pull
129.19,67.61,5.451,-30.92,0.6116,0,pull
79.38,55.55,3.498,-12.05,0.7462,1,flick
97.21,74.24,4.056,-51.35,0.8522,0,flick
108.48,37.33,6.115,21.68,0.6923,0,pull
79.79,29.61,4.573,-50.63,0.7441,1,flick
85.22,32.38,3.836,-31.46,0.7794,0,flick
104.83,44.35,2.823,7.88,0.6758,0,straight_drive
130.12,51.29,6.197,-15.22,0.8074,0,pull
76.42,34.1,3.721,19.42,0.6933,1,straight_drive
112.37,91.86,6.202,19.69,0.7725,0,pull
94.02,48.55,3.805,-32.98,0.9762,1,flick
108.54,38.62,2.966,59.49,0.6904,1,cover_drive
85.55,36.05,3.893,-31.79,0.7815,1,straight_drive
89.57,36.12,2.957,34.48,0.8549,1,straight_drive
83.58,44.65,2.853,100.99,0.7205,1,cover_drive
94.49,26.54,4.302,-86.15,0.7331,1,flick
98.55,14.7,3.739,26.33,1.0,0,straight_drive
113.33,69.01,7.312,1.04,0.6609,1,pull
91.61,56.44,4.168,45.09,0.6185,0,defensive
94.37,69.17,3.459,-37.71,0.8929,1,flick
112.59,83.72,6.956,7.26,0.6875,0,pull
85.28,82.46,4.841,79.25,0.7133,0,cut
79.31,44.42,3.51,-19.44,0.9835,1,flick
102.36,72.04,6.815,85.87,0.8962,0,cut
84.86,36.12,3.893,-34.63,0.7153,1,flick
84.71,57.95,6.745,34.19,0.7245,0,cut
93.74,79.91,7.252,15.31,0.7598,0,pull
96.16,30.05,3.313,-8.8,0.84,1,straight_drive
104.62,30.59,2.686,-41.11,0.9081,1,flick
102.35,82.31,5.884,-10.11,0.7238,0,pull
86.61,35.6,3.546,8.63,0.7846,1,straight_drive
89.37,81.25,3.724,-75.55,0.7766,1,flick
85.97,89.28,4.693,63.76,0.7243,1,cut
90.26,51.84,5.749,78.36,0.7144,0,cut
82.27,49.76,2.905,11.72,0.8521,1,straight_drive
98.73,26.59,3.071,-65.88,0.7164,1,flick
104.89,44.26,4.817,-42.22,0.9443,1,flick
88.43,48.11,3.378,-56.63,0.5221,1,flick
100.25,59.59,4.375,-58.87,0.8291,1,flick
101.14,37.28,3.061,2.39,1.0,1,straight_drive
90.75,33.09,3.982,24.54,0.6462,1,defensive
85.49,66.07,5.565,38.8,0.7529,0,pull
96.59,39.76,2.813,82.45,0.707,1,cover_drive
88.5,65.19,7.018,-9.09,0.7594,0,pull
99.14,24.26,2.615,51.94,0.9054,1,straight_drive
68.28,41.18,4.137,13.83,0.5616,1,defensive
79.9,45.78,3.41,-32.49,0.6691,1,straight_drive
82.92,72.39,6.889,72.6,0.9164,0,cut
84.72,64.73,4.991,23.07,0.4535,0,defensive
100.04,73.24,6.129,6.91,0.4388,0,pull
95.74,90.03,6.343,25.05,0.8137,0,cut
83.4,70.41,7.652,2.49,0.899,0,pull
88.36,52.91,4.136,-3.79,0.4409,1,defensive
110.09,64.07,7.721,-29.82,0.6613,0,pull
78.59,79.84,5.596,68.62,0.7088,0,cut
118.28,38.57,2.818,44.26,0.8302,1,cover_drive
109.18,30.62,4.077,-39.64,0.8267,1,flick
75.65,33.41,5.351,8.84,0.5755,0,defensive
48.2,40.52,4.773,4.59,0.5945,0,defensive
83.21,84.4,5.533,60.35,0.6767,1,cut
97.27,36.3,2.853,5.51,0.6908,1,straight_drive
82.17,49.98,3.058,24.97,0.8082,1,straight_drive
95.3,81.34,6.457,89.16,0.5968,0,cut
92.58,77.53,6.377,77.28,0.5575,0,cut
89.57,27.7,3.834,34.81,0.5814,1,defensive
91.52,67.2,7.649,-0.3,0.6139,0,pull
94.74,37.87,3.898,-56.94,0.7474,1,flick
72.72,54.71,5.029,-9.26,0.2625,1,defensive
96.32,18.46,4.991,-13.62,0.412,0,defensive
72.68,47.46,3.565,-38.62,0.7191,1,flick
82.16,39.23,3.106,17.52,0.8514,1,straight_drive
102.82,43.37,2.797,68.52,0.7221,0,cover_drive
94.46,53.19,3.376,-6.23,0.8149,1,straight_drive
88.06,89.52,4.904,33.65,0.7445,0,cut
60.73,54.04,4.246,-17.7,0.8569,1,flick
63.73,55.52,2.915,-72.47,0.6779,1,flick
100.45,40.75,4.305,-28.86,0.6165,1,flick
92.62,27.13,3.633,44.33,0.6987,1,cover_drive
67.49,46.14,5.146,38.99,0.7112,1,defensive
81.12,48.78,3.836,-60.18,0.4505,1,flick
81.46,33.65,2.427,23.48,0.6658,1,straight_drive
92.7,83.95,5.927,71.63,0.6402,1,cut
97.98,49.84,3.136,-47.52,0.5822,1,flick
92.35,47.94,3.825,-49.83,0.7111,1,flick
68.33,48.7,3.449,-82.19,0.6435,1,flick
98.2,36.49,3.102,3.86,0.7044,1,straight_drive
69.05,51.32,4.942,38.8,0.7614,0,defensive
65.34,11.19,4.948,11.58,0.5474,0,defensive
95.9,36.42,2.632,36.9,0.8361,1,cover_drive
80.03,44.26,3.553,43.16,0.7382,1,cover_drive
83.35,29.05,5.013,-12.13,0.303,1,defensive
84.58,50.02,2.979,8.61,0.8579,0,straight_drive
89.31,77.86,5.92,0.88,0.7705,0,pull
86.8,49.58,3.983,-4.53,0.667,0,straight_drive
89.68,52.71,7.242,-27.0,0.6465,0,pull
105.59,62.93,6.392,-43.31,0.5159,1,pull
95.22,40.42,3.806,88.15,0.8365,1,cover_drive
93.58,55.47,3.228,52.72,0.7193,1,cover_drive
104.41,52.13,2.401,73.39,0.5546,0,cover_drive
58.1,23.75,4.419,-7.32,0.5748,1,defensive
114.37,9.99,3.024,54.35,0.7861,0,cover_drive
81.98,30.97,3.425,62.18,0.8417,1,cover_drive
96.94,43.45,2.315,19.79,0.8991,1,straight_drive
74.04,98.54,5.014,-3.97,0.7127,0,pull
78.3,21.86,2.757,33.57,0.6675,1,straight_drive
84.97,53.01,6.874,-31.33,0.3728,0,pull
77.42,50.83,2.81,75.39,0.8169,1,cover_drive
94.48,58.1,3.722,17.06,0.6899,1,straight_drive
83.95,67.73,6.968,-24.78,0.5612,0,pull
76.55,54.22,6.926,80.73,0.6777,0,cut
106.21,65.6,3.594,-45.2,0.6256,0,flick
84.73,85.69,6.765,-8.69,0.6678,0,cut
88.24,74.13,5.527,41.2,0.7176,0,cut
109.14,60.25,6.259,50.33,0.8312,0,pull
96.57,33.61,2.368,38.61,0.6892,1,straight_drive
73.84,48.38,2.474,-58.47,0.3706,1,defensive
81.03,34.03,3.364,-73.16,0.7839,1,flick
96.75,70.44,6.431,-35.61,0.3686,0,pull
55.2,36.18,5.208,-15.95,1.0,0,defensive
99.87,39.24,2.804,-24.47,0.7799,1,straight_drive
105.87,73.63,6.463,58.12,0.7319,0,cut
100.69,61.27,5.792,51.02,0.758,0,cut
67.5,45.79,4.624,-27.47,0.9171,0,defensive
94.03,53.23,4.135,-55.72,0.8091,1,flick
82.81,56.2,4.324,-19.41,0.8564,1,flick
81.86,66.88,6.76,83.0,1.0,0,cut
73.03,42.66,3.208,-53.3,0.6041,1,flick
91.03,62.75,5.927,-6.38,0.7782,0,pull
34.11,56.37,4.044,67.36,0.8235,0,defensive
96.03,47.78,4.147,-32.92,0.5655,0,flick
102.61,73.14,6.651,91.44,0.6248,0,cut
99.43,25.96,2.093,34.05,0.9575,0,straight_drive
76.39,24.53,3.538,44.45,0.4304,0,defensive
85.11,55.61,4.042,-33.19,0.6148,0,flick
104.8,53.45,2.389,-3.65,0.9364,1,straight_drive
50.71,38.52,4.358,13.41,0.5857,0,defensive
98.16,22.14,2.923,54.49,0.8089,1,cover_drive
91.51,39.68,2.942,18.81,0.6644,1,cover_drive
91.57,42.99,2.624,12.0,0.8013,1,straight_drive
103.52,101.71,6.761,26.44,0.838,1,pull
107.56,58.56,6.461,66.87,0.5262,0,cut
98.57,39.9,3.05,84.32,0.5805,1,cover_drive
101.01,46.92,2.509,12.43,0.796,1,straight_drive
81.61,59.51,3.918,-49.49,0.7071,0,flick
75.97,42.91,3.217,-25.77,0.7326,1,defensive
83.14,34.34,6.188,-33.96,0.7492,0,defensive
78.99,48.85,4.548,-44.9,0.5824,0,flick
91.53,66.12,6.73,10.49,0.5588,0,pull
79.77,12.83,3.973,41.72,0.5049,1,defensive
97.66,56.46,5.268,64.25,0.6918,0,cut
75.31,42.58,3.086,18.07,0.5353,0,defensive
99.82,67.76,7.293,-21.09,0.8068,0,pull
89.75,43.21,2.834,3.27,0.7026,1,straight_drive
88.13,44.12,3.175,25.92,0.8314,1,straight_drive
93.75,52.82,3.53,65.2,0.7439,1,cover_drive
91.73,85.43,6.246,-22.9,0.7901,0,pull
80.37,52.63,3.567,-59.45,0.8949,1,flick
90.75,56.32,6.537,83.87,0.7076,1,cut
90.57,31.95,3.218,27.83,0.8357,1,cover_drive
88.61,14.55,4.161,71.79,0.5428,1,cover_drive
100.8,34.84,4.168,51.22,0.6698,1,cover_drive
103.64,35.74,3.082,37.89,0.7785,1,cover_drive
117.65,57.55,7.174,-35.06,0.6835,0,pull
91.04,24.08,2.477,8.66,0.7185,1,straight_drive
66.06,44.16,2.726,-51.45,0.7842,1,flick
81.62,65.43,5.789,74.61,0.6609,1,cut
67.51,87.85,5.782,89.45,0.737,0,cut
97.18,67.76,7.392,-36.5,0.772,0,pull
90.3,27.52,5.214,-2.72,0.4323,1,defensive
81.32,62.0,3.425,-50.92,0.5883,0,flick
81.36,49.98,3.434,-40.04,0.8504,0,flick
103.45,54.83,4.933,-0.68,0.7116,1,flick
94.24,58.0,3.476,-52.4,0.413,0,flick
93.14,64.21,4.212,-45.13,0.6638,0,flick
65.28,38.08,1.082,-20.78,0.7417,1,defensive
111.07,82.44,5.708,-14.39,0.7585,0,pull
80.74,59.05,3.911,-52.58,0.7877,0,flick
93.09,28.91,2.734,55.26,0.7974,1,cover_drive
106.17,71.04,5.874,63.02,0.7512,1,cut
82.48,84.84,6.354,-51.22,0.5698,0,pull
103.2,56.1,6.531,57.82,0.6077,0,cut
84.77,73.75,3.388,-56.45,0.7816,1,flick
97.72,40.98,3.622,55.79,0.8064,1,cover_drive
75.05,49.63,3.194,9.91,0.716,1,defensive
78.84,28.2,2.954,36.65,0.7828,1,cover_drive
59.95,51.04,5.9,49.14,0.621,0,defensive
91.99,48.42,3.358,-35.84,0.4059,0,flick
105.28,50.11,5.608,23.7,0.8219,1,pull
99.8,36.22,2.764,65.02,0.893,1,cover_drive
79.52,50.84,3.773,-49.54,0.7164,1,flick
112.44,93.11,6.175,28.63,0.9579,0,pull
108.1,51.9,2.609,10.94,0.7485,1,straight_drive
54.42,46.98,4.424,-56.7,0.1837,1,defensive
107.5,39.54,3.192,61.61,0.816,1,cover_drive
81.35,68.06,3.948,-29.49,0.6476,1,flick
66.29,57.39,6.296,83.55,0.8706,0,cut
79.16,64.45,5.975,41.66,0.8052,0,cut
109.18,84.5,5.486,71.95,0.6858,1,cut
108.24,54.32,5.863,93.77,0.8112,0,cut
90.97,49.65,3.632,-16.58,0.2046,1,defensive
74.49,79.45,5.49,-10.46,0.5904,0,pull
105.18,31.21,7.044,58.48,0.6423,0,cut
83.0,87.84,6.154,-24.73,0.5982,0,pull
118.56,71.06,6.26,22.01,0.8924,0,cut
92.96,75.06,6.781,3.06,0.8744,0,pull
79.94,41.47,6.484,71.02,0.9236,1,cut
103.38,33.73,2.24,43.3,0.8161,1,cover_drive
72.12,61.27,3.204,-18.84,0.692,0,flick
74.64,43.55,3.926,-21.74,0.7816,0,flick
89.82,82.6,8.103,8.34,0.7135,1,pull
66.72,47.29,6.359,-2.24,0.2384,1,defensive
75.11,12.68,4.615,110.46,0.5696,1,defensive
79.22,33.99,3.908,18.63,0.4798,1,defensive
99.99,52.66,2.78,23.8,0.8238,1,straight_drive
101.52,28.7,2.732,-57.56,0.6088,1,flick
93.92,43.85,3.001,-107.93,0.9251,0,flick
93.82,53.07,2.829,16.78,0.521,1,straight_drive
81.33,20.64,3.455,3.99,0.986,1,straight_drive
85.54,66.7,4.071,-111.39,0.6225,1,flick
59.95,64.13,3.521,-19.32,0.7606,0,flick
97.16,56.33,6.839,71.19,0.6324,1,cut
73.61,36.8,3.468,5.53,0.7299,1,straight_drive
103.49,99.6,6.804,-3.22,0.5003,1,pull
97.78,61.91,6.624,63.6,0.7826,0,cut
100.97,85.09,6.711,-29.29,0.5707,1,pull
89.29,48.74,5.332,-49.81,0.6729,1,flick
78.33,92.5,6.966,-4.85,0.4943,0,pull
97.76,39.93,2.954,38.65,0.7379,1,cover_drive
88.46,34.07,3.135,50.3,0.8442,1,cover_drive
97.31,25.38,2.813,44.13,0.7008,1,straight_drive
83.9,35.99,4.726,-20.51,0.4944,1,flick
61.94,21.3,4.89,-5.05,0.4034,1,defensive
80.08,92.47,5.159,58.43,0.8059,0,cut
112.29,31.25,3.698,51.45,0.4598,1,cover_drive
81.92,66.31,3.885,-59.69,0.8222,0,flick
81.83,34.48,3.105,19.77,0.89,1,cover_drive
83.28,35.74,3.713,47.13,0.9939,1,cover_drive
94.68,30.11,2.299,-1.27,0.9982,1,straight_drive
90.36,80.64,4.612,42.4,0.7924,0,cut
76.28,52.2,4.02,-63.76,0.8622,1,flick
92.99,64.44,3.997,-40.75,0.6151,0,flick
79.37,16.2,3.542,99.68,0.7979,1,cover_drive
83.46,27.78,4.7,-18.93,0.3458,1,defensive
85.83,56.82,3.817,-80.56,0.6482,1,flick
72.26,38.95,3.516,21.68,0.3446,1,defensive
85.45,36.76,5.672,18.33,0.817,1,pull
64.88,44.72,4.606,0.15,0.6686,1,defensive
90.62,45.3,2.492,-28.67,0.8947,1,straight_drive
86.95,35.0,3.398,14.06,0.6344,1,flick
116.79,109.64,6.609,-25.89,1.0,1,pull
83.39,37.33,4.583,-37.53,0.7172,0,flick
100.21,42.42,2.211,77.85,0.5595,1,cover_drive
78.99,20.66,3.779,65.23,0.7555,1,cover_drive
67.64,19.66,4.179,1.16,0.6672,1,defensive
96.6,42.53,3.97,-37.74,0.7554,1,flick
86.41,38.77,3.624,11.14,0.6552,1,straight_drive
69.45,45.75,4.964,-28.2,0.4226,0,defensive
90.11,77.74,7.452,89.68,0.8788,0,cut
94.13,75.55,5.737,81.69,0.7871,0,cut
84.16,39.93,2.808,47.59,0.6508,1,cover_drive
83.07,51.03,4.563,-53.2,0.9895,0,flick
92.68,68.16,7.252,9.87,0.4099,0,pull
75.88,63.86,2.764,-52.79,0.8817,1,flick
64.42,50.29,3.48,10.25,0.3936,0,defensive
105.59,25.03,2.813,58.03,0.7414,0,cover_drive
96.79,81.65,6.287,-61.28,0.3907,1,pull
86.47,33.88,3.382,89.14,0.7221,1,cover_drive
82.45,69.59,3.598,-53.03,0.4527,0,flick
65.86,33.89,3.788,1.61,0.6392,0,flick
102.77,31.68,3.764,61.63,0.9117,1,cover_drive
95.3,51.16,3.557,36.55,0.4769,0,defensive
87.02,17.12,3.007,16.89,0.8861,1,straight_drive
105.57,73.06,8.166,-40.0,0.7929,1,pull
87.74,58.62,2.703,4.95,0.7732,1,straight_drive
74.28,38.21,6.42,20.14,0.421,0,defensive
83.47,61.85,4.85,-37.98,0.5565,0,pull
96.07,61.76,6.481,44.72,0.7243,0,cut
94.04,71.85,5.868,61.2,0.6732,1,cut
95.12,55.22,6.169,10.08,0.7247,0,pull
87.13,15.74,3.419,52.62,0.7982,1,cover_drive
114.87,86.37,5.338,-0.85,0.4103,0,pull
65.99,43.73,4.592,24.43,0.53,1,defensive
44.66,23.45,4.82,38.86,0.2713,1,defensive
83.13,20.58,2.904,7.67,0.6178,1,straight_drive
99.82,27.5,3.242,31.23,1.0,1,cover_drive
103.1,55.36,6.673,37.64,0.7532,0,pull
97.7,47.09,2.464,37.2,0.5913,1,cover_drive
114.93,89.0,6.745,-8.47,0.9065,0,pull
78.33,71.85,7.278,31.21,0.9439,1,pull
84.55,16.6,3.084,37.25,0.562,1,straight_drive
98.48,31.99,3.36,54.39,0.6502,1,cover_drive
84.78,68.62,7.633,21.67,0.8696,1,pull
94.99,81.27,7.708,1.28,0.589,0,pull
99.7,65.9,5.16,45.69,0.9733,0,cut
99.63,16.71,2.85,5.6,0.704,1,straight_drive
83.59,65.05,5.947,83.52,0.7172,0,cut
81.92,55.88,4.611,-38.33,0.6873,0,defensive
114.14,72.13,5.497,32.21,0.8077,1,cut
78.44,35.95,3.112,1.63,0.6932,1,straight_drive
78.88,39.95,5.814,57.25,0.6554,0,cut
97.81,38.12,3.79,11.12,0.7937,1,straight_drive
83.52,41.18,4.844,-23.43,0.6996,1,defensive
93.32,34.94,4.83,-40.49,0.5093,1,defensive
104.27,80.32,4.757,-7.09,0.5707,1,pull
107.84,92.49,7.729,-36.62,0.7587,0,pull
42.27,26.16,5.226,-0.96,0.2328,1,defensive
90.19,46.11,3.916,-43.39,0.6925,0,flick
79.66,21.59,4.26,10.06,0.588,0,defensive
75.22,42.9,3.467,-51.99,0.8953,1,flick
92.78,26.09,3.421,79.15,0.8624,1,cover_drive
106.63,46.6,2.611,13.16,0.8547,1,straight_drive
73.83,13.88,2.849,60.68,0.8047,1,cover_drive
68.65,52.83,3.885,2.54,0.8709,1,defensive
97.21,29.76,2.071,48.06,0.8386,1,straight_drive
87.48,32.53,2.869,-3.44,0.9,1,straight_drive
65.35,67.53,3.05,15.53,0.5841,1,cover_drive
68.34,43.79,3.756,1.92,0.7519,1,defensive
99.96,53.49,5.517,-62.32,0.839,1,flick
94.87,70.24,5.494,-38.13,0.8266,0,pull
94.89,37.81,3.835,-52.2,0.6376,1,flick
85.09,31.72,2.494,24.74,0.9277,1,straight_drive
93.06,22.65,3.401,7.75,0.545,1,straight_drive
96.6,44.89,3.234,57.28,0.9358,1,cover_drive
42.35,50.49,3.418,-4.14,0.2733,0,defensive
71.51,64.25,5.872,78.14,0.4165,0,cut
87.99,80.1,3.758,16.16,0.9869,1,defensive
92.95,37.31,3.479,-48.94,0.4445,0,defensive
117.01,70.91,6.154,87.65,0.8565,0,cut
84.91,61.56,6.468,55.03,0.481,0,cut
73.31,43.84,5.057,49.36,0.4132,1,cut
94.88,25.36,3.595,64.33,0.7573,0,cover_drive
87.48,43.79,4.916,-6.1,0.6076,1,defensive
81.45,49.4,3.473,-64.67,0.4277,0,flick
109.13,46.57,4.83,-16.98,0.9675,0,pull
89.94,75.76,3.433,-41.08,0.7709,1,flick
74.89,68.56,5.693,31.35,0.8847,0,cut
117.85,84.11,6.884,20.84,1.0,1,pull
97.6,48.63,3.281,-2.6,0.6936,1,flick
84.1,37.75,3.544,-9.78,0.8394,1,straight_drive
89.73,49.89,4.647,10.18,0.6701,1,straight_drive
77.7,40.47,5.931,14.73,1.0,0,defensive
79.39,22.61,3.502,46.58,0.7387,1,cover_drive
86.44,50.17,3.305,-48.9,0.8373,0,flick
80.05,38.24,2.345,68.75,0.7838,1,cover_drive
80.18,31.58,4.423,-11.82,0.3577,0,defensive
97.12,73.73,3.105,-70.07,0.9012,1,flick
96.93,26.69,3.269,12.64,0.9336,1,straight_drive
92.18,63.33,4.966,104.66,0.7778,1,cut
88.08,48.82,3.535,-57.02,0.7532,0,flick
113.2,56.45,6.922,-44.15,0.5921,0,pull
109.86,50.78,3.1,26.89,1.0,1,straight_drive
89.44,44.65,3.84,14.13,0.5963,1,straight_drive
103.16,99.19,6.954,30.41,0.6669,0,pull
91.1,90.37,6.229,-15.71,0.4026,0,pull
102.82,15.83,3.354,10.92,0.8952,0,straight_drive
99.61,50.86,3.074,25.81,0.8981,1,straight_drive
89.21,67.97,6.645,-20.08,0.7609,0,pull
98.09,85.23,7.144,-4.83,0.595,0,pull
101.51,56.7,6.578,-62.87,0.6207,1,pull
81.76,37.76,2.976,-11.68,0.8621,1,straight_drive
67.26,45.98,3.593,16.22,0.6255,0,defensive
100.49,21.04,2.977,45.31,0.7387,1,cover_drive
103.87,25.3,3.105,-9.55,0.7901,1,straight_drive
100.26,68.35,6.26,-52.69,0.6839,0,pull
112.11,77.56,5.475,22.42,0.7408,1,pull
91.24,32.36,4.234,-54.22,0.6772,0,flick
88.67,21.87,2.562,4.85,0.9385,1,straight_drive
100.34,55.21,7.008,28.79,0.6009,0,pull
91.05,29.87,2.72,-34.5,0.7277,1,straight_drive
95.38,75.84,6.889,-15.78,0.5457,1,pull
88.61,44.11,4.853,57.9,0.5908,0,cut
105.07,85.59,6.498,-20.02,0.7709,1,pull
86.44,40.77,5.012,2.49,0.665,1,defensive
113.41,107.54,5.496,7.8,0.6122,0,pull
97.68,30.05,2.213,51.87,0.7522,1,cover_drive
89.69,102.98,5.124,48.82,0.5496,0,cut
119.32,97.82,6.379,-7.33,0.7776,0,pull
101.86,26.31,2.893,75.04,0.685,1,cover_drive
79.42,20.88,2.812,-25.5,0.7806,1,flick
66.6,66.5,6.325,44.31,0.7464,0,pull
70.01,32.9,3.835,-10.78,0.3679,1,defensive
45.05,49.38,3.809,7.4,0.6992,1,defensive
96.38,41.79,3.39,56.57,0.8342,1,cover_drive
82.25,37.15,3.151,-1.02,0.7593,1,defensive
67.38,62.88,4.674,43.54,0.366,0,defensive
93.14,52.26,3.037,-7.08,0.4687,1,straight_drive
96.12,33.62,3.588,-52.06,0.2076,1,defensive
90.76,43.95,3.103,41.87,0.8406,1,cover_drive
80.84,71.12,5.161,88.1,0.7122,0,cut
96.25,69.5,7.393,28.21,0.7058,0,pull
101.03,44.6,3.584,-35.91,0.8105,1,flick
106.92,78.58,5.623,52.61,0.9251,1,cut
85.8,31.4,5.614,59.28,0.5892,1,cut
87.42,76.83,5.767,85.13,1.0,0,cut
99.57,67.47,6.184,45.26,1.0,0,cut
77.47,50.65,2.838,7.98,0.4611,1,defensive
82.47,38.52,4.133,-25.74,0.7444,1,flick
87.91,24.97,2.919,24.45,0.8161,1,straight_drive
79.28,90.62,6.087,57.9,0.7226,0,cut
101.15,31.28,2.637,37.13,0.8994,1,straight_drive
80.92,38.82,5.518,-25.7,0.4795,0,pull
105.45,78.46,6.149,12.83,1.0,1,pull
85.66,58.22,7.274,-17.62,0.6853,1,pull
102.13,80.18,5.32,53.84,0.9354,0,cut
98.49,36.59,3.106,58.54,0.7808,1,cover_drive
73.33,50.48,7.09,44.37,0.8688,0,pull
109.57,56.04,6.825,45.54,0.5341,1,cut
83.6,25.2,2.979,46.02,0.7718,1,cover_drive
88.22,30.05,3.404,62.15,0.6628,1,cover_drive
89.53,63.91,6.317,1.72,0.6284,0,pull
90.09,37.51,3.032,54.36,0.9325,1,straight_drive
95.29,36.54,2.819,56.28,0.5906,1,cover_drive
89.96,56.86,6.761,-47.66,1.0,0,pull
83.35,64.97,5.653,59.14,0.8254,0,cut
102.14,31.09,3.429,38.52,0.7421,1,cover_drive
95.72,39.59,1.982,54.85,0.5602,1,cover_drive
108.28,53.2,3.589,73.24,0.8409,0,cover_drive
112.62,59.96,5.24,-2.72,0.6187,0,pull
99.44,21.87,3.587,26.05,0.5959,1,straight_drive
71.83,24.54,3.218,-19.2,0.5945,1,defensive
46.38,39.18,2.676,21.64,0.5455,1,defensive
81.35,52.79,5.964,-30.3,0.7345,1,pull
71.3,70.9,2.825,-13.84,0.7511,0,defensive
98.94,56.92,3.165,-16.88,0.5336,1,flick
115.49,46.31,3.06,61.84,0.8406,0,cover_drive
111.5,51.71,5.832,6.97,0.8957,0,pull
113.05,66.25,4.979,52.47,0.6994,0,cut
88.83,51.24,7.023,63.21,0.7619,0,cut
82.03,51.83,5.333,50.18,0.5977,0,cut
85.29,83.75,3.786,-75.86,0.6382,1,flick
62.61,45.27,6.42,-7.64,0.5074,1,defensive
86.96,48.52,2.147,1.99,0.7716,1,straight_drive
92.59,68.65,4.126,80.53,0.9452,0,cut
96.24,92.36,5.15,31.85,0.5337,0,cut
96.78,76.7,7.192,-55.27,0.6925,0,pull
90.82,75.36,6.038,67.13,0.6473,0,cut
76.41,3.99,3.039,-4.79,0.6044,1,straight_drive
76.42,64.07,3.377,-28.6,0.7337,1,flick
72.54,92.2,7.334,20.68,0.5773,0,cut
72.73,42.32,3.833,-24.96,0.4301,1,defensive
88.0,35.2,3.587,-27.84,0.4574,1,flick
101.59,40.5,2.868,-17.23,0.9559,1,straight_drive
110.46,38.05,5.14,59.24,0.709,0,cut
83.93,51.33,3.75,4.43,0.7036,1,straight_drive
68.75,36.79,4.418,3.73,0.5857,1,defensive
82.83,30.64,3.326,59.61,0.8132,0,cover_drive
69.61,90.55,5.992,-57.53,0.5818,1,pull
97.94,77.41,7.059,7.88,0.5009,0,pull
101.62,50.18,2.792,51.73,0.5591,1,straight_drive
76.72,20.36,2.311,-0.65,1.0,1,straight_drive
99.38,82.92,7.047,-40.12,0.7806,0,pull
94.88,25.02,3.545,22.32,0.7236,1,straight_drive
57.56,41.96,3.313,-46.97,0.7066,0,flick
80.21,39.99,6.369,80.9,0.7685,0,cut
72.0,103.08,5.823,7.24,0.608,0,pull
65.02,32.64,4.292,7.34,0.6283,0,defensive
88.52,49.36,4.092,-59.44,0.7603,1,flick
103.9,56.9,3.362,27.99,0.4677,1,defensive
82.64,34.65,3.653,-28.41,0.548,1,defensive
76.09,44.99,3.004,11.76,0.3766,0,straight_drive
99.18,56.09,4.091,-19.16,0.7757,1,flick
100.11,51.16,3.56,-64.11,0.624,1,flick
96.14,60.95,6.257,-22.33,0.729,1,pull
69.74,13.55,4.612,-8.01,0.5839,1,defensive
100.62,87.18,7.061,-12.1,0.7322,0,pull
80.42,57.43,3.901,-32.4,0.7042,0,flick
101.35,34.36,7.376,24.94,0.8649,0,pull
103.36,39.15,2.652,-3.92,0.6785,1,defensive
84.56,41.7,6.061,74.35,1.0,0,cut
116.4,58.01,6.479,69.78,0.9881,0,cut
112.3,72.49,5.855,-12.91,0.9467,1,pull
83.86,41.93,6.943,25.85,0.7493,0,cut
78.9,37.39,4.962,-38.48,0.6885,1,flick
77.45,53.5,4.819,37.91,0.17,1,defensive
93.34,67.34,6.243,5.34,0.887,0,pull
66.78,29.03,3.471,-31.86,0.7706,1,flick
70.9,51.41,3.173,59.59,0.712,1,cover_drive
91.82,47.61,2.219,-9.34,0.5979,1,straight_drive
92.7,81.13,6.042,45.05,0.7717,0,cut
99.52,81.86,6.651,93.65,0.6534,0,cut
73.98,40.84,3.711,23.74,0.4518,1,defensive
75.0,39.9,4.929,64.46,1.0,0,cut
86.11,40.55,3.49,58.98,0.5582,1,cover_drive
112.29,47.11,6.827,-3.37,0.5864,1,pull
95.99,38.92,4.261,74.74,0.854,1,cover_drive
89.97,27.55,2.575,-4.52,0.7855,1,straight_drive
113.81,30.88,1.813,31.69,0.71,1,straight_drive
86.13,40.92,2.01,0.8,0.7104,1,straight_drive
72.88,32.95,4.504,-1.92,0.6868,1,flick
84.86,36.3,3.729,40.97,0.6702,1,straight_drive
111.89,108.09,7.171,-3.91,0.7147,0,pull
97.33,14.32,3.544,39.58,0.9829,1,cover_drive
105.02,17.56,2.014,60.19,0.4365,1,cover_drive
87.56,57.31,3.586,20.96,0.692,1,defensive
101.95,55.11,5.98,72.14,0.6309,0,cut
98.96,49.3,2.926,17.29,0.6135,1,cover_drive
92.61,21.05,2.404,41.34,0.6485,1,cover_drive
56.43,20.84,3.98,-47.67,0.58,1,defensive
79.13,47.83,3.032,5.69,0.5902,1,defensive
92.14,13.79,2.983,76.31,0.7763,1,cover_drive
80.41,49.35,5.963,0.62,0.4571,1,defensive
83.45,45.71,6.089,-12.52,0.6223,0,defensive
83.99,57.14,6.863,72.66,1.0,1,cut
98.07,40.12,2.774,19.31,0.9403,1,straight_drive
88.59,47.36,2.876,5.55,1.0,1,straight_drive
75.49,57.05,3.268,85.43,0.7082,1,cover_drive
115.78,76.16,6.66,-27.1,0.9798,0,pull
81.79,55.36,7.297,-6.56,0.5813,0,pull
95.13,112.72,7.016,-29.13,0.5625,0,pull
110.09,49.14,4.991,-43.1,0.7759,1,flick
102.22,60.22,4.789,18.34,0.7618,0,cut
85.68,37.92,3.888,-7.26,0.5121,1,flick
94.13,53.43,2.89,4.61,0.7817,1,straight_drive
100.13,58.48,6.701,-29.34,0.5511,0,pull
96.9,34.89,2.503,54.82,0.9123,1,cover_drive
90.36,74.77,5.56,60.26,0.6645,0,cut
83.28,54.88,5.961,111.19,0.3849,0,cut
62.89,51.18,5.551,47.17,0.5826,0,cut
83.18,28.26,3.406,-24.1,0.7499,0,straight_drive
52.95,47.55,3.838,-44.94,0.705,0,flick
95.41,71.78,6.444,30.22,0.6683,0,pull
98.41,31.82,3.805,3.67,0.7052,1,straight_drive
90.8,46.34,2.447,39.72,0.8206,1,straight_drive
88.98,63.07,5.608,2.98,0.5565,0,pull
46.32,46.86,3.846,103.33,0.7453,0,defensive
91.91,69.37,5.156,45.75,0.6448,0,cut
80.96,46.36,4.216,-40.47,0.7537,1,flick
78.72,64.21,6.295,91.36,0.4996,0,cut
87.4,42.75,6.171,40.7,0.7905,0,cut
114.5,51.49,8.253,20.72,0.3588,0,pull
109.04,30.08,2.7,69.71,0.6042,1,cover_drive
65.55,59.1,4.669,-25.0,0.8539,1,flick
87.22,38.31,3.622,-64.65,0.5155,1,flick
106.48,44.95,3.053,53.56,0.6046,1,cover_drive
105.47,64.82,6.978,7.31,0.7364,0,pull
57.02,36.12,3.261,-0.98,0.6196,1,defensive
92.8,64.63,7.28,-10.82,0.8448,0,pull
95.11,38.89,3.471,27.82,0.6725,1,cover_drive
101.52,77.93,6.476,93.02,0.862,1,cut
94.81,43.06,2.909,37.74,0.8464,1,straight_drive
81.7,43.75,6.351,-9.19,0.7982,0,pull
94.46,31.37,3.811,60.36,0.6045,1,cover_drive
84.71,73.31,6.143,-37.06,0.7773,0,pull
76.36,33.24,2.948,-68.82,0.7446,0,flick
68.63,86.26,6.359,-49.29,0.879,0,pull
67.38,41.75,4.699,45.03,0.5165,0,defensive
89.92,35.38,5.975,77.77,0.7688,0,cut
78.59,70.85,7.503,6.43,0.5852,1,pull
120.35,59.99,3.87,-44.46,0.9439,1,flick
96.88,29.1,3.155,59.16,1.0,1,cover_drive
86.2,61.96,3.833,-60.59,1.0,0,flick
78.38,41.83,5.494,-61.72,0.7047,0,flick
83.11,36.57,3.037,54.15,0.5843,1,cover_drive
106.77,58.33,6.011,56.37,0.6398,1,cut
87.19,100.03,6.292,12.0,0.4766,1,pull
59.4,52.41,5.579,44.04,0.3915,1,defensive
88.18,63.8,7.214,8.31,0.763,0,pull
98.28,33.09,3.033,11.59,0.5988,1,straight_drive
91.6,57.73,3.814,-33.14,0.6998,1,flick
112.24,9.7,3.397,53.73,0.7962,1,cover_drive
97.17,32.76,3.353,25.74,0.9171,1,straight_drive
92.99,21.02,3.006,78.27,0.7694,1,cover_drive
74.81,26.7,4.212,-3.0,0.5743,1,defensive
102.63,27.02,3.263,29.13,0.6495,1,cover_drive
89.28,44.95,3.368,6.08,0.6016,1,defensive
79.66,50.46,3.598,35.36,0.9104,1,cover_drive
84.4,60.85,5.286,128.72,0.8831,0,cut
69.05,40.32,4.868,-22.4,0.3381,0,defensive
76.83,63.6,2.394,4.86,0.7287,1,straight_drive
107.0,85.47,5.809,31.0,0.5671,0,pull
94.85,41.18,4.206,-28.86,0.477,1,defensive
85.15,36.1,2.811,35.18,0.7895,1,straight_drive
97.19,75.5,6.47,-33.21,0.4951,0,pull
84.96,44.99,3.941,-27.57,0.7049,0,flick
90.06,47.1,2.713,6.37,0.8443,1,straight_drive
98.69,30.66,2.88,66.1,0.8491,1,cover_drive
101.27,83.11,5.109,-8.06,0.415,0,pull
76.22,21.66,4.576,58.53,0.3263,1,defensive
98.11,26.67,3.182,41.6,0.9245,1,cover_drive
108.45,96.83,5.861,-23.64,0.7572,0,pull
102.59,43.84,3.745,-15.2,0.5558,1,defensive
84.02,45.33,2.868,-5.98,0.9204,1,straight_drive
97.28,40.34,2.122,51.61,0.7636,0,cover_drive
83.05,54.8,7.386,62.33,0.7432,1,cut
94.01,53.97,3.895,-56.96,0.6383,1,flick
95.51,42.23,3.443,49.2,0.6736,0,cover_drive
87.89,55.01,5.439,95.06,0.7975,1,cut
104.48,47.85,3.958,-68.56,0.9902,0,flick
98.63,43.98,3.239,28.35,1.0,1,straight_drive
88.61,58.6,5.91,86.59,0.8974,0,cut
57.84,54.81,4.879,-28.2,0.2358,0,defensive
83.34,18.99,3.884,30.33,0.8499,1,straight_drive
91.05,34.02,3.319,-28.18,0.6543,1,defensive
107.02,51.15,7.831,36.18,0.5845,1,pull
52.97,81.56,6.629,-7.73,0.2598,1,defensive
45.17,75.24,4.555,3.43,0.2974,0,defensive
61.76,72.37,4.275,34.06,0.7838,0,defensive
96.21,29.02,3.039,12.02,0.5934,1,straight_drive
89.66,39.29,3.334,-7.28,0.5579,1,straight_drive
79.07,65.84,5.926,50.73,0.786,0,cut
75.37,44.76,2.253,7.55,0.779,1,straight_drive
91.63,56.77,3.716,48.79,0.5806,1,defensive
85.35,33.68,2.762,48.05,0.8704,1,cover_drive
71.31,34.8,5.929,30.27,0.7783,1,cut
104.47,24.54,3.259,5.24,0.8772,1,straight_drive
108.55,42.31,5.993,69.24,0.8518,0,cut
88.71,97.02,6.971,27.04,0.6733,0,pull
86.46,84.01,7.839,-23.06,0.669,0,pull
94.49,62.34,4.718,61.32,0.822,0,cut
64.18,47.74,4.787,-1.39,0.6333,1,defensive
93.58,65.07,5.724,0.77,0.8213,0,pull
84.1,38.78,3.45,-21.14,0.5854,1,flick
99.0,48.98,2.592,44.12,0.5965,1,cover_drive
91.25,73.07,6.675,-18.69,0.7829,0,pull
110.35,68.55,6.767,3.1,0.5998,1,pull
85.13,16.48,3.713,31.05,0.6844,1,cover_drive
99.46,70.76,6.152,47.4,0.4883,0,cut
98.1,59.39,4.409,-6.29,0.6119,0,defensive
94.87,55.83,2.479,16.79,0.7021,1,straight_drive
82.07,31.59,3.525,13.69,0.7711,1,straight_drive
87.12,35.16,5.589,-21.87,0.3854,1,defensive
63.69,30.45,7.514,36.1,0.6022,0,defensive
89.1,64.61,6.195,69.85,0.8875,0,cut
81.66,39.76,3.908,-59.8,0.7035,0,flick
106.61,46.36,6.317,-36.17,0.7099,0,pull
58.95,22.62,4.562,32.02,0.6777,1,defensive
84.57,46.83,4.199,12.37,0.786,1,straight_drive
94.54,28.76,3.771,-81.6,0.5198,1,flick
87.75,40.21,3.168,-48.2,0.8035,0,flick
80.4,78.69,5.964,24.48,0.6068,1,pull
67.34,46.69,3.768,-22.24,0.6949,1,flick
93.3,64.27,4.881,48.82,0.7362,0,cut
87.03,58.88,6.428,-23.06,0.6366,0,pull
93.14,54.46,4.088,-0.17,0.506,0,defensive
83.39,73.68,4.859,57.58,0.7089,1,cut
79.6,67.9,3.977,-23.16,0.6203,1,flick
72.73,69.5,5.72,70.21,0.5933,0,cut
66.79,51.51,6.057,4.42,0.361,1,defensive
88.8,36.09,3.771,66.13,0.6505,1,cover_drive
97.32,53.95,2.34,44.16,0.537,1,cover_drive
100.62,70.07,6.027,60.12,0.6426,0,cut
99.15,68.84,5.752,49.38,0.5225,0,cut
124.54,58.28,3.406,-62.95,0.4093,1,flick
55.63,33.58,5.501,-22.22,0.263,1,defensive
94.98,58.62,3.975,5.24,0.6068,1,defensive
111.84,46.61,4.084,-62.27,0.7692,0,flick
92.57,65.09,3.26,-65.48,0.8789,1,flick
86.11,66.38,5.949,-26.05,0.998,1,pull
86.48,34.73,3.366,67.81,0.7105,1,cover_drive
90.98,62.42,3.806,-88.02,0.6583,1,flick
91.85,64.65,4.201,-21.72,0.7426,1,flick
84.24,70.08,7.003,-14.27,0.7215,0,pull
94.49,56.58,6.204,-25.03,0.6849,0,pull
88.88,40.56,3.285,60.82,0.867,1,cover_drive
80.94,51.6,3.411,-43.35,0.5659,1,flick
88.56,38.11,3.126,35.69,0.8156,0,straight_drive
115.29,94.6,6.096,-17.16,0.5137,1,pull
91.76,22.14,3.935,65.93,0.6685,1,cover_drive
72.67,34.19,4.065,-15.51,0.8941,0,flick
91.35,80.26,5.154,15.67,0.5032,1,pull
118.56,72.9,5.524,74.85,0.6843,0,cut
88.25,6.2,3.83,-10.24,0.627,1,defensive
119.7,43.89,3.862,-6.54,0.9281,1,straight_drive
77.14,67.01,5.204,-22.0,0.8859,0,pull
78.14,18.31,2.561,59.7,0.8984,1,cover_drive
110.93,63.39,6.463,57.18,0.8704,0,cut
88.32,54.02,4.464,-3.89,0.4442,1,flick
91.05,37.43,3.279,37.76,0.7922,1,cover_drive
93.31,91.49,6.386,2.99,0.7614,1,pull
99.21,39.24,4.909,-104.35,0.7213,1,flick
71.72,65.69,5.127,-5.45,0.1466,1,defensive
95.84,34.34,3.079,48.74,0.6566,1,cover_drive
64.25,37.09,4.439,9.76,0.7243,1,defensive
67.8,41.9,3.849,-24.12,0.6942,1,defensive
89.89,78.49,6.294,-53.61,0.5682,1,pull
95.91,46.83,3.636,59.22,0.8536,1,cover_drive
88.18,67.37,5.852,79.31,0.7914,0,cut
94.19,38.43,3.322,-34.93,0.4814,0,flick
91.02,58.39,6.817,-24.75,0.6427,0,pull
84.58,40.89,3.615,-21.01,0.4336,1,flick
74.04,86.35,5.753,39.72,0.7553,0,cut
90.16,35.9,2.944,5.01,0.9,1,straight_drive
54.85,27.02,3.086,46.27,0.6696,1,defensive
102.8,52.88,6.238,52.67,0.6525,0,cut
99.1,25.19,4.043,-69.13,0.7748,0,flick
85.85,46.78,3.76,43.53,0.6631,1,cover_drive
71.48,60.48,4.429,-2.22,0.5748,1,defensive
95.92,64.86,6.494,-29.38,0.7222,0,pull
94.48,57.08,6.103,30.87,0.7874,1,cut
79.98,38.98,1.832,28.04,0.7516,1,straight_drive
88.54,75.49,5.845,28.08,0.6994,1,cut
101.89,55.58,6.806,21.93,0.6366,1,cut
92.16,13.66,2.931,28.83,0.5804,1,straight_drive
87.72,40.49,3.828,-60.59,0.3864,1,defensive
93.4,45.47,3.759,-60.42,0.802,1,flick
87.2,30.69,5.755,61.79,0.7918,0,cut
94.55,86.93,5.562,1.98,0.6493,0,pull
66.31,41.43,3.491,-24.67,0.3709,0,defensive
103.36,78.63,6.608,85.01,0.8301,1,cut
81.53,77.14,5.925,80.86,0.9986,1,cut
90.1,44.6,3.442,-47.14,0.4825,1,flick
91.58,21.2,2.424,61.81,0.5996,1,cover_drive
55.85,55.31,4.216,23.74,0.6472,0,defensive
99.84,88.02,6.863,55.89,0.9679,1,cut
70.96,47.81,4.413,29.65,0.8693,1,defensive
118.85,53.8,5.52,39.69,0.3504,1,defensive
101.47,33.74,2.85,53.77,0.7321,1,cover_drive
104.07,34.14,2.346,5.32,0.9288,1,straight_drive
102.03,71.91,6.556,2.23,0.9007,0,pull
89.39,64.42,5.548,51.17,0.5931,0,cut
112.34,52.79,3.304,7.89,0.5964,1,straight_drive
62.51,31.94,2.896,-30.62,0.5593,1,flick
91.63,81.11,6.919,-38.1,0.606,0,pull
89.68,51.6,3.614,-29.79,0.6664,1,flick
87.41,42.78,3.026,12.13,0.6365,0,straight_drive
81.88,25.47,3.09,17.2,0.8315,1,straight_drive
70.46,38.49,4.931,11.43,0.5918,0,defensive
95.54,63.2,3.501,45.01,0.602,0,defensive
76.76,73.07,6.124,117.54,0.6592,0,cut
105.83,73.58,6.957,-27.33,0.5052,0,pull
102.57,98.34,4.775,-1.48,0.6602,0,pull
100.19,16.88,2.544,7.59,0.6781,0,straight_drive
85.98,40.91,7.15,6.19,0.7257,0,pull
87.11,53.92,6.69,7.64,0.923,0,pull
96.69,63.92,7.49,5.84,0.7128,0,pull
90.13,61.02,5.167,-24.21,0.9329,0,pull
74.01,81.56,2.664,-33.08,0.8534,1,flick
90.42,47.09,2.932,-5.92,0.6557,1,straight_drive
87.47,39.57,3.838,48.78,0.7551,0,defensive
88.51,76.43,6.404,-2.19,1.0,0,pull
86.22,42.97,4.055,-27.96,0.828,1,flick
87.87,40.47,3.967,-33.35,0.7967,1,flick
78.74,56.94,2.834,-1.6,0.8218,0,defensive
87.34,32.81,2.661,55.08,0.7885,1,cover_drive
101.11,46.39,7.652,1.54,0.954,0,pull
96.32,43.76,2.801,-6.84,0.8734,1,straight_drive
71.05,38.94,3.024,-8.31,0.7198,0,straight_drive
86.57,23.54,2.668,61.05,0.7315,1,cover_drive
66.25,25.25,4.662,0.07,0.4661,0,defensive
82.73,50.11,2.866,22.82,0.8606,1,straight_drive
77.84,29.89,3.907,10.06,0.726,1,defensive
87.81,40.62,2.775,49.69,0.7118,1,cover_drive
115.66,35.74,3.371,11.31,0.6193,1,straight_drive
91.75,82.1,6.029,53.66,0.5768,1,cut
92.55,71.07,5.878,-7.38,0.7245,0,pull
92.91,38.07,3.545,30.06,0.6472,0,straight_drive
98.8,83.69,6.773,-24.46,0.9026,0,pull
106.13,94.23,6.275,24.98,0.8201,0,pull
107.87,35.1,3.364,64.69,0.7325,1,cover_drive
96.06,73.38,5.623,39.58,0.8987,1,cut
83.95,72.54,3.593,-18.17,0.7949,1,flick
111.07,50.18,5.07,24.04,0.8103,1,defensive
76.94,68.56,6.274,6.04,0.4818,0,pull
61.81,23.37,3.284,77.41,0.403,1,defensive
98.38,28.66,3.015,71.71,0.8625,1,cover_drive
97.68,96.41,6.085,-2.32,0.6663,0,pull
70.22,33.14,3.442,-16.82,0.7152,1,flick
82.65,77.54,5.105,111.58,0.8003,1,cut
71.98,60.37,4.042,29.92,0.3383,1,defensive
65.05,26.73,5.728,-47.42,0.3788,1,defensive
95.54,41.29,2.654,41.74,0.8259,1,cover_drive
72.52,27.53,2.86,32.64,0.7849,1,straight_drive
111.22,70.33,5.883,10.45,0.8361,0,pull
101.95,31.16,3.619,-27.04,0.7168,1,flick
101.33,80.13,6.248,-58.15,0.7173,0,pull
102.11,40.75,3.093,59.03,0.7979,0,cover_drive
95.63,60.16,4.317,68.76,0.7171,1,cut
100.33,39.55,4.075,-54.74,0.7118,0,flick
92.14,38.52,2.939,45.29,0.7782,0,cover_drive
90.42,26.44,3.449,72.88,0.6467,0,cover_drive
75.48,66.49,2.971,-16.56,0.3502,1,defensive
95.39,55.07,5.592,102.88,0.7662,0,cut
79.62,39.77,5.501,15.7,0.7281,1,defensive
107.89,31.56,2.474,9.22,0.7445,1,straight_drive
88.31,51.64,2.384,6.72,0.6611,1,straight_drive
98.12,12.1,3.761,56.51,0.5181,1,cover_drive
110.78,40.69,2.882,5.24,0.9386,1,straight_drive
79.81,49.12,2.979,-15.15,0.9058,1,straight_drive
86.09,76.95,6.02,13.2,0.8843,0,cut
83.81,50.06,3.432,18.34,0.3025,1,defensive
94.2,80.68,7.07,80.59,0.708,0,cut
68.92,34.47,3.682,5.79,0.1907,1,defensive
61.43,38.04,2.805,0.17,1.0,1,straight_drive
79.14,60.32,3.742,-58.07,0.7478,0,flick
68.29,36.32,4.668,30.14,0.4825,0,defensive
87.75,39.23,3.087,26.42,0.8795,1,cover_drive
85.16,40.05,3.018,-6.78,0.763,1,defensive
76.34,35.41,2.758,22.99,0.5015,1,straight_drive
80.85,67.89,6.037,88.89,0.6716,1,cut
97.13,65.02,6.842,-7.5,0.6658,0,pull
90.57,60.58,6.665,56.88,0.4964,1,cut
80.91,37.36,3.007,53.57,0.5862,1,straight_drive
94.02,89.17,6.582,-0.08,0.8248,1,pull
80.16,62.78,7.107,33.33,0.9235,0,cut
93.36,45.09,3.009,16.41,0.9415,1,straight_drive
83.72,51.92,3.749,-57.78,0.7541,0,flick
97.64,76.58,6.805,4.2,0.6673,0,pull
101.16,27.98,3.271,37.69,0.7194,1,cover_drive
106.33,44.89,6.415,69.13,0.8319,0,cut
97.03,30.39,3.57,12.8,0.817,1,cover_drive
107.36,63.54,7.628,-37.6,0.8005,0,pull
87.67,33.5,2.903,37.53,0.735,1,straight_drive
97.68,28.35,2.946,-15.54,0.8923,1,straight_drive
96.42,81.28,5.324,4.36,0.5514,0,pull
91.21,71.94,6.515,6.39,0.7234,0,pull
92.92,63.29,2.967,-56.83,0.5731,0,flick
94.06,37.72,3.418,19.47,0.7723,1,cover_drive
86.9,5.64,4.44,-29.13,0.615,0,flick
91.63,50.41,3.305,-43.13,0.9007,0,flick
100.15,37.84,2.277,70.62,0.894,1,cover_drive
50.57,43.14,3.539,-40.47,0.5943,0,flick
114.29,92.62,7.426,-4.85,0.5775,0,pull
101.15,40.4,3.448,90.53,0.7071,0,cover_drive
117.63,62.96,6.44,58.33,0.7455,1,cut
86.53,68.81,5.346,52.2,0.7252,0,cut
98.2,68.11,6.847,-67.33,0.9302,0,pull
89.39,30.23,2.902,2.72,0.9466,1,straight_drive
103.2,32.06,3.52,6.4,0.4972,1,straight_drive
94.33,67.75,4.035,-57.77,0.9591,0,flick
76.22,54.73,3.48,-18.34,0.6948,1,defensive
81.09,31.26,7.579,14.66,0.9625,0,pull
86.59,76.54,6.558,-8.12,0.7321,0,pull
111.51,42.39,3.722,34.36,0.9382,1,cover_drive
85.47,23.54,3.329,-76.67,0.7771,1,flick
77.35,39.56,2.689,20.93,0.692,1,straight_drive
70.93,72.9,5.45,-31.14,0.5393,0,pull
71.16,48.75,4.49,-41.14,0.935,1,flick
103.03,81.01,5.844,-1.49,0.5412,0,pull
97.04,39.87,3.046,9.73,0.615,1,straight_drive
101.19,1.66,4.552,39.31,0.7821,1,cover_drive
93.44,77.15,6.701,3.04,0.7631,0,pull
106.35,47.71,5.112,4.67,0.8208,1,defensive
71.9,58.86,5.486,53.29,0.6837,0,cut
84.09,77.74,5.053,30.39,0.601,0,cut
42.08,27.15,5.177,44.19,0.3592,1,defensive
97.26,57.37,3.038,20.08,0.7311,1,straight_drive
74.44,44.63,3.26,-73.13,0.7263,0,flick
82.46,47.86,3.984,-42.65,0.7202,1,flick
111.82,17.94,3.338,48.48,0.8431,1,cover_drive
102.67,77.69,3.071,-35.33,0.7093,1,flick
91.1,34.57,2.918,53.89,0.9135,1,cover_drive
118.14,111.61,7.489,24.52,0.8796,0,pull
92.37,74.76,5.769,31.01,0.8665,1,pull
96.95,75.42,6.247,66.5,0.7697,0,cut
52.31,38.35,5.111,-23.18,0.7208,1,defensive
92.07,35.64,2.801,95.63,0.7235,1,cover_drive
95.8,83.14,7.794,26.86,0.7744,0,pull
91.66,100.78,6.16,72.24,0.9327,0,cut
74.83,31.01,3.996,1.52,0.613,1,straight_drive
